{
  "resourceType": "Observation",
  "id": "BetsySmith-Within3DSNFAdmission-CAM03-DisorganizedThinking",
  "meta": {
    "profile": [
      "http://pacioproject.org/StructureDefinition/pacio-cs"
    ]
  },
  "text": {
    "status": "generated",
    "div": "<div xmlns=\"http://www.w3.org/1999/xhtml\"><p><b>Generated Narrative with Details</b></p><p><b>id</b>: BetsySmith-Within3DSNFAdmission-CAM03-DisorganizedThinking</p><p><b>meta</b>: </p><p><b>status</b>: final</p><p><b>code</b>: Disorganized thinking in last 7 days [CMS Assessment] <span style=\"background: LightGoldenRodYellow\">(Details : {LOINC code '54629-1' = 'Disorganized thinking in last 7 days [CMS Assessment])</span></p><p><b>subject</b>: <a href=\"Patient-BetsySmith.html\">Generated Summary: id: BetsySmith; Betsy Smith ; gender: female; birthDate: 1959-06-14</a></p><p><b>effective</b>: Mar 25, 2019 7:30:00 PM</p><p><b>performer</b>: <a href=\"CMS Provider\">CMS Provider</a></p><p><b>value</b>: Behavior not present <span style=\"background: LightGoldenRodYellow\">(Details : {LOINC code 'LA61-7' = 'Behavior not present)</span></p></div>"
  },
  "status": "final",
  "code": {
    "coding": [
      {
        "system": "http://loinc.org",
        "code": "54629-1"
      }
    ]
  },
  "subject": {
    "reference": "Patient/BetsySmith"
  },
  "effectiveDateTime": "2019-03-25T14:30:00-05:00",
  "performer": [
    {
      "reference": "CMS Provider"
    }
  ],
  "valueCodeableConcept": {
    "coding": [
      {
        "system": "http://loinc.org",
        "code": "LA61-7"
      }
    ]
  }
}