<?xml version="1.0" encoding="UTF-8"?>

<Condition xmlns="http://hl7.org/fhir">
  <id value="BSJ-Diagnosis9"/>
  <text>
    <status value="generated"/><div xmlns="http://www.w3.org/1999/xhtml"><p><b>Generated Narrative</b></p><p><b>id</b>: BSJ-Diagnosis9</p><p><b>clinicalStatus</b>: <span title="Codes: {http://terminology.hl7.org/CodeSystem/condition-clinical active}">Active</span></p><p><b>verificationStatus</b>: <span title="Codes: {http://terminology.hl7.org/CodeSystem/condition-ver-status confirmed}">Confirmed</span></p><p><b>category</b>: <span title="Codes: {http://terminology.hl7.org/CodeSystem/condition-category encounter-diagnosis}">Encounter Diagnosis</span></p><p><b>code</b>: <span title="Codes: {http://snomed.info/sct 422504002}">Ischemic stroke (disorder) </span></p><p><b>subject</b>: <a href="Patient-patientBSJ1.html">Generated Summary: id: patientBSJ1; Betsy Smith-Johnson </a></p><p><b>onset</b>: Jul 7, 2020 8:39:00 PM</p><p><b>asserter</b>: <a href="Practitioner-Practitioner-NoraOlogist.html">Neurologist Nora Ologist. Generated Summary: id: Practitioner-NoraOlogist; id: 3668788925; active; Neurologist; ph: (210) 555 7632; gender: female</a></p></div>
  </text>
  <clinicalStatus>
    <coding>
      <system value="http://terminology.hl7.org/CodeSystem/condition-clinical"/>
      <code value="active"/>
    </coding>
  </clinicalStatus>
  <verificationStatus>
    <coding>
      <system value="http://terminology.hl7.org/CodeSystem/condition-ver-status"/>
      <code value="confirmed"/>
    </coding>
  </verificationStatus>
  <category>
    <coding>
      <system value="http://terminology.hl7.org/CodeSystem/condition-category"/>
      <code value="encounter-diagnosis"/>
    </coding>
  </category>
  <code>
    <coding>
      <system value="http://snomed.info/sct"/>
      <code value="422504002"/>
      <display value="Ischemic stroke"/>
    </coding>
    <text value="Ischemic stroke (disorder) "/>
  </code>
  <subject>
    <reference value="Patient/patientBSJ1"/>
  </subject>
  <onsetDateTime value="2020-07-07T15:32:00-05:07"/>
  <asserter>
    <reference value="Practitioner/Practitioner-NoraOlogist"/>
    <display value="Neurologist Nora Ologist"/>
  </asserter>
</Condition>