{
  "resourceType": "Encounter",
  "id": "CMS-Encounter-03",
  "text": {
    "status": "generated",
    "div": "<div xmlns=\"http://www.w3.org/1999/xhtml\"><p><b>Generated Narrative with Details</b></p><p><b>id</b>: CMS-Encounter-03</p><p><b>status</b>: finished</p><h3>StatusHistories</h3><table class=\"grid\"><tr><td>-</td><td><b>Status</b></td><td><b>Period</b></td></tr><tr><td>*</td><td>finished</td><td>Apr 7, 2019 11:30:00 PM --&gt; Apr 8, 2019 1:30:00 AM</td></tr></table><p><b>class</b>: inpatient encounter (Details: http://terminology.hl7.org/CodeSystem/v3-ActCode code IMP = 'inpatient encounter', stated as 'inpatient encounter')</p><p><b>subject</b>: <a href=\"Patient-BetsySmith.html\">Generated Summary: id: BetsySmith; Betsy Smith ; gender: female; birthDate: 1959-06-14</a></p></div>"
  },
  "status": "finished",
  "statusHistory": [
    {
      "status": "finished",
      "period": {
        "start": "2019-04-07T18:30:00-05:00",
        "end": "2019-04-07T20:30:00-05:00"
      }
    }
  ],
  "class": {
    "system": "http://terminology.hl7.org/CodeSystem/v3-ActCode",
    "code": "IMP",
    "display": "inpatient encounter"
  },
  "subject": {
    "reference": "Patient/BetsySmith"
  }
}