{
  "resourceType": "ImplementationGuide",
  "id": "hl7.fhir.us.pacio-cs",
  "text": {
    "status": "extensions",
    "div": "<div xmlns=\"http://www.w3.org/1999/xhtml\"><h2>PACIOCognitiveStatusImplementationGuide</h2><p>The official URL for this implementation guide is: </p><pre>http://paciowg.github.io/cognitive-status-ig/ImplementationGuide/hl7.fhir.us.pacio-cs</pre><div><p>To advance interoperable health data exchange between post-acute care (PAC) and other providers, patients, and key stakeholders</p>\n</div></div>"
  },
  "url": "http://paciowg.github.io/cognitive-status-ig/ImplementationGuide/hl7.fhir.us.pacio-cs",
  "version": "0.1.0",
  "name": "PACIOCognitiveStatusImplementationGuide",
  "title": "PACIO Cognitive Status Implementation Guide",
  "status": "active",
  "date": "2021-01-27T08:21:37-08:00",
  "publisher": "HL7 Patient Care Work Group",
  "contact": [
    {
      "name": "HL7 Patient Care Work Group",
      "telecom": [
        {
          "system": "url",
          "value": "http://www.hl7.org/Special/committees/patientcare"
        },
        {
          "system": "email",
          "value": "patientcare@lists.HL7.org"
        }
      ]
    },
    {
      "name": "PACIO project",
      "telecom": [
        {
          "system": "url",
          "value": "http://www.hl7.org/Special/committees/patientcare/"
        },
        {
          "system": "email",
          "value": "info@pacioproject.org"
        }
      ]
    }
  ],
  "description": "To advance interoperable health data exchange between post-acute care (PAC) and other providers, patients, and key stakeholders",
  "jurisdiction": [
    {
      "coding": [
        {
          "system": "urn:iso:std:iso:3166",
          "code": "US"
        }
      ]
    }
  ],
  "packageId": "hl7.fhir.us.pacio-cs",
  "license": "CC0-1.0",
  "fhirVersion": [
    "4.0.1"
  ],
  "dependsOn": [
    {
      "id": "hl7_fhir_us_core",
      "uri": "http://hl7.org/fhir/us/core/ImplementationGuide/hl7.fhir.us.core",
      "packageId": "hl7.fhir.us.core",
      "version": "3.1.0"
    }
  ],
  "definition": {
    "extension": [
      {
        "extension": [
          {
            "url": "code",
            "valueString": "copyrightyear"
          },
          {
            "url": "value",
            "valueString": "2020+"
          }
        ],
        "url": "http://hl7.org/fhir/tools/StructureDefinition/ig-parameter"
      },
      {
        "extension": [
          {
            "url": "code",
            "valueString": "releaselabel"
          },
          {
            "url": "value",
            "valueString": "STU Ballot"
          }
        ],
        "url": "http://hl7.org/fhir/tools/StructureDefinition/ig-parameter"
      },
      {
        "extension": [
          {
            "url": "code",
            "valueString": "show-inherited-invariants"
          },
          {
            "url": "value",
            "valueString": "false"
          }
        ],
        "url": "http://hl7.org/fhir/tools/StructureDefinition/ig-parameter"
      },
      {
        "extension": [
          {
            "url": "code",
            "valueString": "path-liquid"
          },
          {
            "url": "value",
            "valueString": "template/liquid"
          }
        ],
        "url": "http://hl7.org/fhir/tools/StructureDefinition/ig-parameter"
      },
      {
        "extension": [
          {
            "url": "code",
            "valueString": "path-liquid"
          },
          {
            "url": "value",
            "valueString": "input/liquid"
          }
        ],
        "url": "http://hl7.org/fhir/tools/StructureDefinition/ig-parameter"
      },
      {
        "extension": [
          {
            "url": "code",
            "valueString": "path-qa"
          },
          {
            "url": "value",
            "valueString": "temp/qa"
          }
        ],
        "url": "http://hl7.org/fhir/tools/StructureDefinition/ig-parameter"
      },
      {
        "extension": [
          {
            "url": "code",
            "valueString": "path-temp"
          },
          {
            "url": "value",
            "valueString": "temp/pages"
          }
        ],
        "url": "http://hl7.org/fhir/tools/StructureDefinition/ig-parameter"
      },
      {
        "extension": [
          {
            "url": "code",
            "valueString": "path-output"
          },
          {
            "url": "value",
            "valueString": "output"
          }
        ],
        "url": "http://hl7.org/fhir/tools/StructureDefinition/ig-parameter"
      },
      {
        "extension": [
          {
            "url": "code",
            "valueString": "path-suppressed-warnings"
          },
          {
            "url": "value",
            "valueString": "input/ignoreWarnings.txt"
          }
        ],
        "url": "http://hl7.org/fhir/tools/StructureDefinition/ig-parameter"
      },
      {
        "extension": [
          {
            "url": "code",
            "valueString": "path-history"
          },
          {
            "url": "value",
            "valueString": "http://paciowg.github.io/cognitive-status-ig/history.html"
          }
        ],
        "url": "http://hl7.org/fhir/tools/StructureDefinition/ig-parameter"
      },
      {
        "extension": [
          {
            "url": "code",
            "valueString": "template-html"
          },
          {
            "url": "value",
            "valueString": "template-page.html"
          }
        ],
        "url": "http://hl7.org/fhir/tools/StructureDefinition/ig-parameter"
      },
      {
        "extension": [
          {
            "url": "code",
            "valueString": "template-md"
          },
          {
            "url": "value",
            "valueString": "template-page-md.html"
          }
        ],
        "url": "http://hl7.org/fhir/tools/StructureDefinition/ig-parameter"
      },
      {
        "extension": [
          {
            "url": "code",
            "valueString": "apply-contact"
          },
          {
            "url": "value",
            "valueString": "true"
          }
        ],
        "url": "http://hl7.org/fhir/tools/StructureDefinition/ig-parameter"
      },
      {
        "extension": [
          {
            "url": "code",
            "valueString": "apply-context"
          },
          {
            "url": "value",
            "valueString": "true"
          }
        ],
        "url": "http://hl7.org/fhir/tools/StructureDefinition/ig-parameter"
      },
      {
        "extension": [
          {
            "url": "code",
            "valueString": "apply-copyright"
          },
          {
            "url": "value",
            "valueString": "true"
          }
        ],
        "url": "http://hl7.org/fhir/tools/StructureDefinition/ig-parameter"
      },
      {
        "extension": [
          {
            "url": "code",
            "valueString": "apply-jurisdiction"
          },
          {
            "url": "value",
            "valueString": "true"
          }
        ],
        "url": "http://hl7.org/fhir/tools/StructureDefinition/ig-parameter"
      },
      {
        "extension": [
          {
            "url": "code",
            "valueString": "apply-license"
          },
          {
            "url": "value",
            "valueString": "true"
          }
        ],
        "url": "http://hl7.org/fhir/tools/StructureDefinition/ig-parameter"
      },
      {
        "extension": [
          {
            "url": "code",
            "valueString": "apply-publisher"
          },
          {
            "url": "value",
            "valueString": "true"
          }
        ],
        "url": "http://hl7.org/fhir/tools/StructureDefinition/ig-parameter"
      },
      {
        "extension": [
          {
            "url": "code",
            "valueString": "apply-version"
          },
          {
            "url": "value",
            "valueString": "true"
          }
        ],
        "url": "http://hl7.org/fhir/tools/StructureDefinition/ig-parameter"
      },
      {
        "extension": [
          {
            "url": "code",
            "valueString": "active-tables"
          },
          {
            "url": "value",
            "valueString": "true"
          }
        ],
        "url": "http://hl7.org/fhir/tools/StructureDefinition/ig-parameter"
      }
    ],
    "resource": [
      {
        "extension": [
          {
            "url": "http://hl7.org/fhir/tools/StructureDefinition/resource-information",
            "valueString": "StructureDefinition:resource"
          }
        ],
        "reference": {
          "reference": "StructureDefinition/pacio-bcs"
        },
        "name": "PACIO Bundled Cognitive Status",
        "description": "A point in time bundle of cognitive status observations for a patient.",
        "exampleBoolean": false
      },
      {
        "extension": [
          {
            "url": "http://hl7.org/fhir/tools/StructureDefinition/resource-information",
            "valueString": "StructureDefinition:resource"
          }
        ],
        "reference": {
          "reference": "StructureDefinition/pacio-cognition-qr"
        },
        "name": "PACIO Cognition Questionnaire Response",
        "description": "A completed, or sections of a completed, CMS PAC assessment.",
        "exampleBoolean": false
      },
      {
        "extension": [
          {
            "url": "http://hl7.org/fhir/tools/StructureDefinition/resource-information",
            "valueString": "StructureDefinition:resource"
          }
        ],
        "reference": {
          "reference": "StructureDefinition/pacio-cs"
        },
        "name": "PACIO Cognitive Status",
        "description": "An exchange of cognitive status data for a patient.",
        "exampleBoolean": false
      },
      {
        "extension": [
          {
            "url": "http://hl7.org/fhir/tools/StructureDefinition/resource-information",
            "valueString": "StructureDefinition:resource"
          }
        ],
        "reference": {
          "reference": "StructureDefinition/pacio-plcf"
        },
        "name": "PACIO Prior Level of Cognitive Function",
        "description": "An exchange of prior level of cognitive function data for a patient. (The use of this profile is encouraged in the absence of formal prior level of cognitive assessments.)",
        "exampleBoolean": false
      },
      {
        "extension": [
          {
            "url": "http://hl7.org/fhir/tools/StructureDefinition/resource-information",
            "valueString": "StructureDefinition:resource"
          }
        ],
        "reference": {
          "reference": "StructureDefinition/pacio-cs-dev"
        },
        "name": "Use of Device",
        "description": "A device used by a Patient during a cognitive status assessment.",
        "exampleBoolean": false
      },
      {
        "extension": [
          {
            "url": "http://hl7.org/fhir/tools/StructureDefinition/resource-information",
            "valueString": "StructureDefinition:extension"
          }
        ],
        "reference": {
          "reference": "StructureDefinition/assistance-required"
        },
        "name": "AssistanceRequired",
        "description": "Associated with prior level of cognitive function to provide indication of 'independent' vs. 'assistance needed'.",
        "exampleBoolean": false
      },
      {
        "extension": [
          {
            "url": "http://hl7.org/fhir/tools/StructureDefinition/resource-information",
            "valueString": "StructureDefinition:extension"
          }
        ],
        "reference": {
          "reference": "StructureDefinition/device-patient-used"
        },
        "name": "DevicePatientUsed",
        "description": "A device used by a patient during a cognitive status assessment.",
        "exampleBoolean": false
      },
      {
        "extension": [
          {
            "url": "http://hl7.org/fhir/tools/StructureDefinition/resource-information",
            "valueString": "Observation"
          }
        ],
        "reference": {
          "reference": "Observation/BCS-Hospital-MMSE-1"
        },
        "name": "BCS-Hospital-MMSE-1",
        "description": "An instance of BundledCognitiveStatus",
        "exampleCanonical": "http://paciowg.github.io/cognitive-status-ig/StructureDefinition/pacio-bcs"
      },
      {
        "extension": [
          {
            "url": "http://hl7.org/fhir/tools/StructureDefinition/resource-information",
            "valueString": "Observation"
          }
        ],
        "reference": {
          "reference": "Observation/BCS-Hospital-MMSE-2"
        },
        "name": "BCS-Hospital-MMSE-2",
        "description": "An instance of BundledCognitiveStatus",
        "exampleCanonical": "http://paciowg.github.io/cognitive-status-ig/StructureDefinition/pacio-bcs"
      },
      {
        "extension": [
          {
            "url": "http://hl7.org/fhir/tools/StructureDefinition/resource-information",
            "valueString": "Observation"
          }
        ],
        "reference": {
          "reference": "Observation/BCS-Hospital-MOCA-1"
        },
        "name": "BCS-Hospital-MOCA-1",
        "description": "An instance of BundledCognitiveStatus",
        "exampleCanonical": "http://paciowg.github.io/cognitive-status-ig/StructureDefinition/pacio-bcs"
      },
      {
        "extension": [
          {
            "url": "http://hl7.org/fhir/tools/StructureDefinition/resource-information",
            "valueString": "Observation"
          }
        ],
        "reference": {
          "reference": "Observation/BCS-Hospital-MOCA-2"
        },
        "name": "BCS-Hospital-MOCA-2",
        "description": "An instance of BundledCognitiveStatus",
        "exampleCanonical": "http://paciowg.github.io/cognitive-status-ig/StructureDefinition/pacio-bcs"
      },
      {
        "extension": [
          {
            "url": "http://hl7.org/fhir/tools/StructureDefinition/resource-information",
            "valueString": "Observation"
          }
        ],
        "reference": {
          "reference": "Observation/BCS-SNF-BCAT-1"
        },
        "name": "BCS-SNF-BCAT-1",
        "description": "An instance of BundledCognitiveStatus",
        "exampleCanonical": "http://paciowg.github.io/cognitive-status-ig/StructureDefinition/pacio-bcs"
      },
      {
        "extension": [
          {
            "url": "http://hl7.org/fhir/tools/StructureDefinition/resource-information",
            "valueString": "Observation"
          }
        ],
        "reference": {
          "reference": "Observation/BCS-SNF-BIMS-1"
        },
        "name": "BCS-SNF-BIMS-1",
        "description": "An instance of BundledCognitiveStatus",
        "exampleCanonical": "http://paciowg.github.io/cognitive-status-ig/StructureDefinition/pacio-bcs"
      },
      {
        "extension": [
          {
            "url": "http://hl7.org/fhir/tools/StructureDefinition/resource-information",
            "valueString": "Observation"
          }
        ],
        "reference": {
          "reference": "Observation/BCS-SNF-BIMS-1-Ob-Question-1"
        },
        "name": "BCS-SNF-BIMS-1-Ob-Question-1",
        "description": "An instance of CognitiveStatus",
        "exampleCanonical": "http://paciowg.github.io/cognitive-status-ig/StructureDefinition/pacio-cs"
      },
      {
        "extension": [
          {
            "url": "http://hl7.org/fhir/tools/StructureDefinition/resource-information",
            "valueString": "Observation"
          }
        ],
        "reference": {
          "reference": "Observation/BCS-SNF-BIMS-1-Ob-Question-2"
        },
        "name": "BCS-SNF-BIMS-1-Ob-Question-2",
        "description": "An instance of CognitiveStatus",
        "exampleCanonical": "http://paciowg.github.io/cognitive-status-ig/StructureDefinition/pacio-cs"
      },
      {
        "extension": [
          {
            "url": "http://hl7.org/fhir/tools/StructureDefinition/resource-information",
            "valueString": "Observation"
          }
        ],
        "reference": {
          "reference": "Observation/BCS-SNF-BIMS-1-Ob-Question-3"
        },
        "name": "BCS-SNF-BIMS-1-Ob-Question-3",
        "description": "An instance of CognitiveStatus",
        "exampleCanonical": "http://paciowg.github.io/cognitive-status-ig/StructureDefinition/pacio-cs"
      },
      {
        "extension": [
          {
            "url": "http://hl7.org/fhir/tools/StructureDefinition/resource-information",
            "valueString": "Observation"
          }
        ],
        "reference": {
          "reference": "Observation/BCS-SNF-BIMS-1-Ob-Question-4"
        },
        "name": "BCS-SNF-BIMS-1-Ob-Question-4",
        "description": "An instance of CognitiveStatus",
        "exampleCanonical": "http://paciowg.github.io/cognitive-status-ig/StructureDefinition/pacio-cs"
      },
      {
        "extension": [
          {
            "url": "http://hl7.org/fhir/tools/StructureDefinition/resource-information",
            "valueString": "Observation"
          }
        ],
        "reference": {
          "reference": "Observation/BCS-SNF-BIMS-1-Ob-Question-5"
        },
        "name": "BCS-SNF-BIMS-1-Ob-Question-5",
        "description": "An instance of CognitiveStatus",
        "exampleCanonical": "http://paciowg.github.io/cognitive-status-ig/StructureDefinition/pacio-cs"
      },
      {
        "extension": [
          {
            "url": "http://hl7.org/fhir/tools/StructureDefinition/resource-information",
            "valueString": "Observation"
          }
        ],
        "reference": {
          "reference": "Observation/BCS-SNF-BIMS-1-Ob-Question-6"
        },
        "name": "BCS-SNF-BIMS-1-Ob-Question-6",
        "description": "An instance of CognitiveStatus",
        "exampleCanonical": "http://paciowg.github.io/cognitive-status-ig/StructureDefinition/pacio-cs"
      },
      {
        "extension": [
          {
            "url": "http://hl7.org/fhir/tools/StructureDefinition/resource-information",
            "valueString": "Observation"
          }
        ],
        "reference": {
          "reference": "Observation/BCS-SNF-BIMS-1-Ob-Question-7"
        },
        "name": "BCS-SNF-BIMS-1-Ob-Question-7",
        "description": "An instance of CognitiveStatus",
        "exampleCanonical": "http://paciowg.github.io/cognitive-status-ig/StructureDefinition/pacio-cs"
      },
      {
        "extension": [
          {
            "url": "http://hl7.org/fhir/tools/StructureDefinition/resource-information",
            "valueString": "Observation"
          }
        ],
        "reference": {
          "reference": "Observation/BCS-SNF-CAM-Admission-1"
        },
        "name": "BCS-SNF-CAM-Admission-1",
        "description": "An instance of BundledCognitiveStatus",
        "exampleCanonical": "http://paciowg.github.io/cognitive-status-ig/StructureDefinition/pacio-bcs"
      },
      {
        "extension": [
          {
            "url": "http://hl7.org/fhir/tools/StructureDefinition/resource-information",
            "valueString": "Observation"
          }
        ],
        "reference": {
          "reference": "Observation/BCS-SNF-CAM-Admission-1-Ob-Question-1"
        },
        "name": "BCS-SNF-CAM-Admission-1-Ob-Question-1",
        "description": "An instance of CognitiveStatus",
        "exampleCanonical": "http://paciowg.github.io/cognitive-status-ig/StructureDefinition/pacio-cs"
      },
      {
        "extension": [
          {
            "url": "http://hl7.org/fhir/tools/StructureDefinition/resource-information",
            "valueString": "Observation"
          }
        ],
        "reference": {
          "reference": "Observation/BCS-SNF-CAM-Admission-1-Ob-Question-3"
        },
        "name": "BCS-SNF-CAM-Admission-1-Ob-Question-3",
        "description": "An instance of CognitiveStatus",
        "exampleCanonical": "http://paciowg.github.io/cognitive-status-ig/StructureDefinition/pacio-cs"
      },
      {
        "extension": [
          {
            "url": "http://hl7.org/fhir/tools/StructureDefinition/resource-information",
            "valueString": "Observation"
          }
        ],
        "reference": {
          "reference": "Observation/BCS-SNF-CAM-Admission-1-Ob-Question-5"
        },
        "name": "BCS-SNF-CAM-Admission-1-Ob-Question-5",
        "description": "An instance of CognitiveStatus",
        "exampleCanonical": "http://paciowg.github.io/cognitive-status-ig/StructureDefinition/pacio-cs"
      },
      {
        "extension": [
          {
            "url": "http://hl7.org/fhir/tools/StructureDefinition/resource-information",
            "valueString": "Observation"
          }
        ],
        "reference": {
          "reference": "Observation/BCS-SNF-PHQ9-1"
        },
        "name": "BCS-SNF-PHQ9-1",
        "description": "An instance of BundledCognitiveStatus",
        "exampleCanonical": "http://paciowg.github.io/cognitive-status-ig/StructureDefinition/pacio-bcs"
      },
      {
        "extension": [
          {
            "url": "http://hl7.org/fhir/tools/StructureDefinition/resource-information",
            "valueString": "Observation"
          }
        ],
        "reference": {
          "reference": "Observation/BCS-SNF-PHQ9-1-Ob-Question-10"
        },
        "name": "BCS-SNF-PHQ9-1-Ob-Question-10",
        "description": "An instance of CognitiveStatus",
        "exampleCanonical": "http://paciowg.github.io/cognitive-status-ig/StructureDefinition/pacio-cs"
      },
      {
        "extension": [
          {
            "url": "http://hl7.org/fhir/tools/StructureDefinition/resource-information",
            "valueString": "Observation"
          }
        ],
        "reference": {
          "reference": "Observation/BCS-SNF-PHQ9-1-Ob-Question-11"
        },
        "name": "BCS-SNF-PHQ9-1-Ob-Question-11",
        "description": "An instance of CognitiveStatus",
        "exampleCanonical": "http://paciowg.github.io/cognitive-status-ig/StructureDefinition/pacio-cs"
      },
      {
        "extension": [
          {
            "url": "http://hl7.org/fhir/tools/StructureDefinition/resource-information",
            "valueString": "Observation"
          }
        ],
        "reference": {
          "reference": "Observation/BCS-SNF-PHQ9-1-Ob-Question-12"
        },
        "name": "BCS-SNF-PHQ9-1-Ob-Question-12",
        "description": "An instance of CognitiveStatus",
        "exampleCanonical": "http://paciowg.github.io/cognitive-status-ig/StructureDefinition/pacio-cs"
      },
      {
        "extension": [
          {
            "url": "http://hl7.org/fhir/tools/StructureDefinition/resource-information",
            "valueString": "Observation"
          }
        ],
        "reference": {
          "reference": "Observation/BCS-SNF-PHQ9-1-Ob-Question-13"
        },
        "name": "BCS-SNF-PHQ9-1-Ob-Question-13",
        "description": "An instance of CognitiveStatus",
        "exampleCanonical": "http://paciowg.github.io/cognitive-status-ig/StructureDefinition/pacio-cs"
      },
      {
        "extension": [
          {
            "url": "http://hl7.org/fhir/tools/StructureDefinition/resource-information",
            "valueString": "Observation"
          }
        ],
        "reference": {
          "reference": "Observation/BCS-SNF-PHQ9-1-Ob-Question-14"
        },
        "name": "BCS-SNF-PHQ9-1-Ob-Question-14",
        "description": "An instance of CognitiveStatus",
        "exampleCanonical": "http://paciowg.github.io/cognitive-status-ig/StructureDefinition/pacio-cs"
      },
      {
        "extension": [
          {
            "url": "http://hl7.org/fhir/tools/StructureDefinition/resource-information",
            "valueString": "Observation"
          }
        ],
        "reference": {
          "reference": "Observation/BCS-SNF-PHQ9-1-Ob-Question-15"
        },
        "name": "BCS-SNF-PHQ9-1-Ob-Question-15",
        "description": "An instance of CognitiveStatus",
        "exampleCanonical": "http://paciowg.github.io/cognitive-status-ig/StructureDefinition/pacio-cs"
      },
      {
        "extension": [
          {
            "url": "http://hl7.org/fhir/tools/StructureDefinition/resource-information",
            "valueString": "Observation"
          }
        ],
        "reference": {
          "reference": "Observation/BCS-SNF-PHQ9-1-Ob-Question-16"
        },
        "name": "BCS-SNF-PHQ9-1-Ob-Question-16",
        "description": "An instance of CognitiveStatus",
        "exampleCanonical": "http://paciowg.github.io/cognitive-status-ig/StructureDefinition/pacio-cs"
      },
      {
        "extension": [
          {
            "url": "http://hl7.org/fhir/tools/StructureDefinition/resource-information",
            "valueString": "Observation"
          }
        ],
        "reference": {
          "reference": "Observation/BCS-SNF-PHQ9-1-Ob-Question-17"
        },
        "name": "BCS-SNF-PHQ9-1-Ob-Question-17",
        "description": "An instance of CognitiveStatus",
        "exampleCanonical": "http://paciowg.github.io/cognitive-status-ig/StructureDefinition/pacio-cs"
      },
      {
        "extension": [
          {
            "url": "http://hl7.org/fhir/tools/StructureDefinition/resource-information",
            "valueString": "Observation"
          }
        ],
        "reference": {
          "reference": "Observation/BCS-SNF-PHQ9-1-Ob-Question-18"
        },
        "name": "BCS-SNF-PHQ9-1-Ob-Question-18",
        "description": "An instance of CognitiveStatus",
        "exampleCanonical": "http://paciowg.github.io/cognitive-status-ig/StructureDefinition/pacio-cs"
      },
      {
        "extension": [
          {
            "url": "http://hl7.org/fhir/tools/StructureDefinition/resource-information",
            "valueString": "Observation"
          }
        ],
        "reference": {
          "reference": "Observation/BCS-SNF-PHQ9-1-Ob-Question-19"
        },
        "name": "BCS-SNF-PHQ9-1-Ob-Question-19",
        "description": "An instance of CognitiveStatus",
        "exampleCanonical": "http://paciowg.github.io/cognitive-status-ig/StructureDefinition/pacio-cs"
      },
      {
        "extension": [
          {
            "url": "http://hl7.org/fhir/tools/StructureDefinition/resource-information",
            "valueString": "Observation"
          }
        ],
        "reference": {
          "reference": "Observation/BCS-SNF-PHQ9-1-Ob-Question-20"
        },
        "name": "BCS-SNF-PHQ9-1-Ob-Question-20",
        "description": "An instance of CognitiveStatus",
        "exampleCanonical": "http://paciowg.github.io/cognitive-status-ig/StructureDefinition/pacio-cs"
      },
      {
        "extension": [
          {
            "url": "http://hl7.org/fhir/tools/StructureDefinition/resource-information",
            "valueString": "Observation"
          }
        ],
        "reference": {
          "reference": "Observation/BCS-SNF-PHQ9-1-Ob-Question-21"
        },
        "name": "BCS-SNF-PHQ9-1-Ob-Question-21",
        "description": "An instance of CognitiveStatus",
        "exampleCanonical": "http://paciowg.github.io/cognitive-status-ig/StructureDefinition/pacio-cs"
      },
      {
        "extension": [
          {
            "url": "http://hl7.org/fhir/tools/StructureDefinition/resource-information",
            "valueString": "Observation"
          }
        ],
        "reference": {
          "reference": "Observation/BCS-SNF-PHQ9-1-Ob-Question-22"
        },
        "name": "BCS-SNF-PHQ9-1-Ob-Question-22",
        "description": "An instance of CognitiveStatus",
        "exampleCanonical": "http://paciowg.github.io/cognitive-status-ig/StructureDefinition/pacio-cs"
      },
      {
        "extension": [
          {
            "url": "http://hl7.org/fhir/tools/StructureDefinition/resource-information",
            "valueString": "Observation"
          }
        ],
        "reference": {
          "reference": "Observation/BCS-SNF-PHQ9-1-Ob-Question-23"
        },
        "name": "BCS-SNF-PHQ9-1-Ob-Question-23",
        "description": "An instance of CognitiveStatus",
        "exampleCanonical": "http://paciowg.github.io/cognitive-status-ig/StructureDefinition/pacio-cs"
      },
      {
        "extension": [
          {
            "url": "http://hl7.org/fhir/tools/StructureDefinition/resource-information",
            "valueString": "Observation"
          }
        ],
        "reference": {
          "reference": "Observation/BCS-SNF-PHQ9-1-Ob-Question-24"
        },
        "name": "BCS-SNF-PHQ9-1-Ob-Question-24",
        "description": "An instance of CognitiveStatus",
        "exampleCanonical": "http://paciowg.github.io/cognitive-status-ig/StructureDefinition/pacio-cs"
      },
      {
        "extension": [
          {
            "url": "http://hl7.org/fhir/tools/StructureDefinition/resource-information",
            "valueString": "Observation"
          }
        ],
        "reference": {
          "reference": "Observation/BCS-SNF-PHQ9-1-Ob-Question-25"
        },
        "name": "BCS-SNF-PHQ9-1-Ob-Question-25",
        "description": "An instance of CognitiveStatus",
        "exampleCanonical": "http://paciowg.github.io/cognitive-status-ig/StructureDefinition/pacio-cs"
      },
      {
        "extension": [
          {
            "url": "http://hl7.org/fhir/tools/StructureDefinition/resource-information",
            "valueString": "Observation"
          }
        ],
        "reference": {
          "reference": "Observation/BCS-SNF-PHQ9-1-Ob-Question-8"
        },
        "name": "BCS-SNF-PHQ9-1-Ob-Question-8",
        "description": "An instance of CognitiveStatus",
        "exampleCanonical": "http://paciowg.github.io/cognitive-status-ig/StructureDefinition/pacio-cs"
      },
      {
        "extension": [
          {
            "url": "http://hl7.org/fhir/tools/StructureDefinition/resource-information",
            "valueString": "Observation"
          }
        ],
        "reference": {
          "reference": "Observation/BCS-SNF-PHQ9-1-Ob-Question-9"
        },
        "name": "BCS-SNF-PHQ9-1-Ob-Question-9",
        "description": "An instance of CognitiveStatus",
        "exampleCanonical": "http://paciowg.github.io/cognitive-status-ig/StructureDefinition/pacio-cs"
      },
      {
        "extension": [
          {
            "url": "http://hl7.org/fhir/tools/StructureDefinition/resource-information",
            "valueString": "Observation"
          }
        ],
        "reference": {
          "reference": "Observation/BSJ-Prior-Level-Of-Cognitive-Function-1"
        },
        "name": "BSJ-Prior-Level-Of-Cognitive-Function-1",
        "description": "An instance of PriorLevelOfCognitiveFunction",
        "exampleCanonical": "http://paciowg.github.io/cognitive-status-ig/StructureDefinition/pacio-plcf"
      },
      {
        "extension": [
          {
            "url": "http://hl7.org/fhir/tools/StructureDefinition/resource-information",
            "valueString": "Organization"
          }
        ],
        "reference": {
          "reference": "Organization/Org-01"
        },
        "name": "Org-01",
        "description": "An instance of Organization",
        "exampleBoolean": true
      },
      {
        "extension": [
          {
            "url": "http://hl7.org/fhir/tools/StructureDefinition/resource-information",
            "valueString": "Organization"
          }
        ],
        "reference": {
          "reference": "Organization/Org-02"
        },
        "name": "Org-02",
        "description": "An instance of Organization",
        "exampleBoolean": true
      },
      {
        "extension": [
          {
            "url": "http://hl7.org/fhir/tools/StructureDefinition/resource-information",
            "valueString": "Organization"
          }
        ],
        "reference": {
          "reference": "Organization/Org-03"
        },
        "name": "Org-03",
        "description": "An instance of Organization",
        "exampleBoolean": true
      },
      {
        "extension": [
          {
            "url": "http://hl7.org/fhir/tools/StructureDefinition/resource-information",
            "valueString": "Location"
          }
        ],
        "reference": {
          "reference": "Location/Org-Loc-01"
        },
        "name": "Org-Loc-01",
        "description": "An instance of Location",
        "exampleBoolean": true
      },
      {
        "extension": [
          {
            "url": "http://hl7.org/fhir/tools/StructureDefinition/resource-information",
            "valueString": "Location"
          }
        ],
        "reference": {
          "reference": "Location/Org-Loc-02"
        },
        "name": "Org-Loc-02",
        "description": "An instance of Location",
        "exampleBoolean": true
      },
      {
        "extension": [
          {
            "url": "http://hl7.org/fhir/tools/StructureDefinition/resource-information",
            "valueString": "Location"
          }
        ],
        "reference": {
          "reference": "Location/Org-Loc-03"
        },
        "name": "Org-Loc-03",
        "description": "An instance of Location",
        "exampleBoolean": true
      },
      {
        "extension": [
          {
            "url": "http://hl7.org/fhir/tools/StructureDefinition/resource-information",
            "valueString": "Practitioner"
          }
        ],
        "reference": {
          "reference": "Practitioner/Practitioner-HoneyJones"
        },
        "name": "Practitioner-HoneyJones",
        "description": "An instance of Practitioner",
        "exampleBoolean": true
      },
      {
        "extension": [
          {
            "url": "http://hl7.org/fhir/tools/StructureDefinition/resource-information",
            "valueString": "Practitioner"
          }
        ],
        "reference": {
          "reference": "Practitioner/Practitioner-JennyGlass"
        },
        "name": "Practitioner-JennyGlass",
        "description": "An instance of Practitioner",
        "exampleBoolean": true
      },
      {
        "extension": [
          {
            "url": "http://hl7.org/fhir/tools/StructureDefinition/resource-information",
            "valueString": "Practitioner"
          }
        ],
        "reference": {
          "reference": "Practitioner/Practitioner-JohnSmith"
        },
        "name": "Practitioner-JohnSmith",
        "description": "An instance of Practitioner",
        "exampleBoolean": true
      },
      {
        "extension": [
          {
            "url": "http://hl7.org/fhir/tools/StructureDefinition/resource-information",
            "valueString": "Practitioner"
          }
        ],
        "reference": {
          "reference": "Practitioner/Practitioner-LunaBaskins"
        },
        "name": "Practitioner-LunaBaskins",
        "description": "An instance of Practitioner",
        "exampleBoolean": true
      },
      {
        "extension": [
          {
            "url": "http://hl7.org/fhir/tools/StructureDefinition/resource-information",
            "valueString": "Practitioner"
          }
        ],
        "reference": {
          "reference": "Practitioner/Practitioner-NoraOlogist"
        },
        "name": "Practitioner-NoraOlogist",
        "description": "An instance of Practitioner",
        "exampleBoolean": true
      },
      {
        "extension": [
          {
            "url": "http://hl7.org/fhir/tools/StructureDefinition/resource-information",
            "valueString": "QuestionnaireResponse"
          }
        ],
        "reference": {
          "reference": "QuestionnaireResponse/QResponse-Hospital-MMSE-1"
        },
        "name": "QResponse-Hospital-MMSE-1",
        "description": "An instance of CognitionQuestionnaireResponse",
        "exampleCanonical": "http://paciowg.github.io/cognitive-status-ig/StructureDefinition/pacio-cognition-qr"
      },
      {
        "extension": [
          {
            "url": "http://hl7.org/fhir/tools/StructureDefinition/resource-information",
            "valueString": "QuestionnaireResponse"
          }
        ],
        "reference": {
          "reference": "QuestionnaireResponse/QResponse-Hospital-MMSE-2"
        },
        "name": "QResponse-Hospital-MMSE-2",
        "description": "An instance of CognitionQuestionnaireResponse",
        "exampleCanonical": "http://paciowg.github.io/cognitive-status-ig/StructureDefinition/pacio-cognition-qr"
      },
      {
        "extension": [
          {
            "url": "http://hl7.org/fhir/tools/StructureDefinition/resource-information",
            "valueString": "QuestionnaireResponse"
          }
        ],
        "reference": {
          "reference": "QuestionnaireResponse/QResponse-Hospital-MOCA-1"
        },
        "name": "QResponse-Hospital-MOCA-1",
        "description": "An instance of CognitionQuestionnaireResponse",
        "exampleCanonical": "http://paciowg.github.io/cognitive-status-ig/StructureDefinition/pacio-cognition-qr"
      },
      {
        "extension": [
          {
            "url": "http://hl7.org/fhir/tools/StructureDefinition/resource-information",
            "valueString": "QuestionnaireResponse"
          }
        ],
        "reference": {
          "reference": "QuestionnaireResponse/QResponse-Hospital-MOCA-2"
        },
        "name": "QResponse-Hospital-MOCA-2",
        "description": "An instance of CognitionQuestionnaireResponse",
        "exampleCanonical": "http://paciowg.github.io/cognitive-status-ig/StructureDefinition/pacio-cognition-qr"
      },
      {
        "extension": [
          {
            "url": "http://hl7.org/fhir/tools/StructureDefinition/resource-information",
            "valueString": "QuestionnaireResponse"
          }
        ],
        "reference": {
          "reference": "QuestionnaireResponse/QResponse-SNF-BCAT-1"
        },
        "name": "QResponse-SNF-BCAT-1",
        "description": "An instance of CognitionQuestionnaireResponse",
        "exampleCanonical": "http://paciowg.github.io/cognitive-status-ig/StructureDefinition/pacio-cognition-qr"
      },
      {
        "extension": [
          {
            "url": "http://hl7.org/fhir/tools/StructureDefinition/resource-information",
            "valueString": "QuestionnaireResponse"
          }
        ],
        "reference": {
          "reference": "QuestionnaireResponse/QResponse-SNF-BIMS-1"
        },
        "name": "QResponse-SNF-BIMS-1",
        "description": "An instance of CognitionQuestionnaireResponse",
        "exampleCanonical": "http://paciowg.github.io/cognitive-status-ig/StructureDefinition/pacio-cognition-qr"
      },
      {
        "extension": [
          {
            "url": "http://hl7.org/fhir/tools/StructureDefinition/resource-information",
            "valueString": "QuestionnaireResponse"
          }
        ],
        "reference": {
          "reference": "QuestionnaireResponse/QResponse-SNF-CAM-Admission-1"
        },
        "name": "QResponse-SNF-CAM-Admission-1",
        "description": "An instance of CognitionQuestionnaireResponse",
        "exampleCanonical": "http://paciowg.github.io/cognitive-status-ig/StructureDefinition/pacio-cognition-qr"
      },
      {
        "extension": [
          {
            "url": "http://hl7.org/fhir/tools/StructureDefinition/resource-information",
            "valueString": "QuestionnaireResponse"
          }
        ],
        "reference": {
          "reference": "QuestionnaireResponse/QResponse-SNF-PHQ9-1"
        },
        "name": "QResponse-SNF-PHQ9-1",
        "description": "An instance of CognitionQuestionnaireResponse",
        "exampleCanonical": "http://paciowg.github.io/cognitive-status-ig/StructureDefinition/pacio-cognition-qr"
      },
      {
        "extension": [
          {
            "url": "http://hl7.org/fhir/tools/StructureDefinition/resource-information",
            "valueString": "PractitionerRole"
          }
        ],
        "reference": {
          "reference": "PractitionerRole/Role-RN"
        },
        "name": "Role-RN",
        "description": "An instance of PractitionerRole",
        "exampleBoolean": true
      },
      {
        "extension": [
          {
            "url": "http://hl7.org/fhir/tools/StructureDefinition/resource-information",
            "valueString": "PractitionerRole"
          }
        ],
        "reference": {
          "reference": "PractitionerRole/Role-SLP"
        },
        "name": "Role-SLP",
        "description": "An instance of PractitionerRole",
        "exampleBoolean": true
      },
      {
        "extension": [
          {
            "url": "http://hl7.org/fhir/tools/StructureDefinition/resource-information",
            "valueString": "Patient"
          }
        ],
        "reference": {
          "reference": "Patient/patientBSJ1"
        },
        "name": "patientBSJ1",
        "description": "An instance of Patient",
        "exampleBoolean": true
      },
      {
        "extension": [
          {
            "url": "http://hl7.org/fhir/tools/StructureDefinition/resource-information",
            "valueString": "Organization"
          }
        ],
        "reference": {
          "reference": "Organization/provider-org-01"
        },
        "name": "provider-org-01",
        "description": "An instance of Organization",
        "exampleBoolean": true
      },
      {
        "extension": [
          {
            "url": "http://hl7.org/fhir/tools/StructureDefinition/resource-information",
            "valueString": "Location"
          }
        ],
        "reference": {
          "reference": "Location/provider-org-loc-01"
        },
        "name": "provider-org-loc-01",
        "description": "An instance of Location",
        "exampleBoolean": true
      },
      {
        "extension": [
          {
            "url": "http://hl7.org/fhir/tools/StructureDefinition/resource-information",
            "valueString": "PractitionerRole"
          }
        ],
        "reference": {
          "reference": "PractitionerRole/provider-role-pcp"
        },
        "name": "provider-role-pcp",
        "description": "An instance of Practitioner",
        "exampleBoolean": true
      },
      {
        "extension": [
          {
            "url": "http://hl7.org/fhir/tools/StructureDefinition/resource-information",
            "valueString": "CapabilityStatement"
          }
        ],
        "reference": {
          "reference": "CapabilityStatement/pacio-cap"
        },
        "name": "PACIO Cognitive Status Capability Statement",
        "description": "This Capability Statement defines the expected capabilities of a PACIO Cognitive Status FHIR server conforming to the PACIO Cognitive Status Implementation Guide.",
        "exampleBoolean": false
      }
    ],
    "page": {
      "nameUrl": "toc.html",
      "title": "Table of Contents",
      "generation": "html",
      "page": [
        {
          "nameUrl": "index.html",
          "title": "Home",
          "generation": "markdown"
        },
        {
          "nameUrl": "cognitive_status_use_case.html",
          "title": "Cognitive Status Use Case",
          "generation": "markdown"
        },
        {
          "nameUrl": "profile_highlights_and_guidance.html",
          "title": "Profile Highlights and Guidance",
          "generation": "markdown"
        },
        {
          "nameUrl": "representative_assessments.html",
          "title": "Representative Assessments",
          "generation": "markdown"
        },
        {
          "nameUrl": "security_and_data_sharing.html",
          "title": "Security and Data Sharing",
          "generation": "markdown"
        },
        {
          "nameUrl": "underlying_technologies.html",
          "title": "Underlying Technologies",
          "generation": "markdown"
        }
      ]
    },
    "parameter": [
      {
        "code": "path-resource",
        "value": "input/capabilities"
      },
      {
        "code": "path-resource",
        "value": "input/examples"
      },
      {
        "code": "path-resource",
        "value": "input/extensions"
      },
      {
        "code": "path-resource",
        "value": "input/models"
      },
      {
        "code": "path-resource",
        "value": "input/operations"
      },
      {
        "code": "path-resource",
        "value": "input/profiles"
      },
      {
        "code": "path-resource",
        "value": "input/resources"
      },
      {
        "code": "path-resource",
        "value": "input/vocabulary"
      },
      {
        "code": "path-resource",
        "value": "input/maps"
      },
      {
        "code": "path-resource",
        "value": "input/testing"
      },
      {
        "code": "path-resource",
        "value": "input/history"
      },
      {
        "code": "path-resource",
        "value": "fsh-generated/resources"
      },
      {
        "code": "path-pages",
        "value": "template/config"
      },
      {
        "code": "path-pages",
        "value": "input/images"
      },
      {
        "code": "path-tx-cache",
        "value": "input-cache/txcache"
      }
    ]
  }
}