{
  "resourceType": "ImplementationGuide",
  "id": "pacio-cs",
  "text": {
    "status": "generated",
    "div": "<div xmlns=\"http://www.w3.org/1999/xhtml\"><h2>PACIOCognitiveStatusImplementationGuide</h2><p>The official URL for this implementation guide is: </p><pre>http://pacioproject.org/ImplementationGuide/pacio-cs</pre><div><p>PACIO Cognitive Status Implementation Guide generated with the FHIR Shorthand tool</p>\n</div></div>"
  },
  "url": "http://pacioproject.org/ImplementationGuide/pacio-cs",
  "version": "0.1.0",
  "name": "PACIOCognitiveStatusImplementationGuide",
  "title": "PACIO Cognitive Status Implementation Guide",
  "status": "active",
  "date": "2020-05-08T16:18:08+00:00",
  "publisher": "MITRE Dev Team",
  "contact": [
    {
      "name": "Caleb Wan",
      "telecom": [
        {
          "system": "email",
          "value": "calebwan@mitre.org"
        }
      ]
    }
  ],
  "description": "PACIO Cognitive Status Implementation Guide generated with the FHIR Shorthand tool",
  "packageId": "pacio-cs",
  "license": "Apache-2.0",
  "fhirVersion": [
    "4.0.1"
  ],
  "dependsOn": [
    {
      "uri": "http://hl7.org/fhir/us/core/ImplementationGuide/hl7.fhir.us.core",
      "packageId": "hl7.fhir.us.core",
      "version": "3.1.0"
    }
  ],
  "definition": {
    "extension": [
      {
        "extension": [
          {
            "url": "code",
            "valueString": "copyrightyear"
          },
          {
            "url": "value",
            "valueString": "2020+"
          }
        ],
        "url": "http://hl7.org/fhir/tools/StructureDefinition/ig-parameter"
      },
      {
        "extension": [
          {
            "url": "code",
            "valueString": "releaselabel"
          },
          {
            "url": "value",
            "valueString": "CI Build"
          }
        ],
        "url": "http://hl7.org/fhir/tools/StructureDefinition/ig-parameter"
      },
      {
        "extension": [
          {
            "url": "code",
            "valueString": "show-inherited-invariants"
          },
          {
            "url": "value",
            "valueString": "false"
          }
        ],
        "url": "http://hl7.org/fhir/tools/StructureDefinition/ig-parameter"
      },
      {
        "extension": [
          {
            "url": "code",
            "valueString": "path-liquid"
          },
          {
            "url": "value",
            "valueString": "template/liquid"
          }
        ],
        "url": "http://hl7.org/fhir/tools/StructureDefinition/ig-parameter"
      },
      {
        "extension": [
          {
            "url": "code",
            "valueString": "path-liquid"
          },
          {
            "url": "value",
            "valueString": "input/liquid"
          }
        ],
        "url": "http://hl7.org/fhir/tools/StructureDefinition/ig-parameter"
      },
      {
        "extension": [
          {
            "url": "code",
            "valueString": "path-qa"
          },
          {
            "url": "value",
            "valueString": "temp/qa"
          }
        ],
        "url": "http://hl7.org/fhir/tools/StructureDefinition/ig-parameter"
      },
      {
        "extension": [
          {
            "url": "code",
            "valueString": "path-temp"
          },
          {
            "url": "value",
            "valueString": "temp/pages"
          }
        ],
        "url": "http://hl7.org/fhir/tools/StructureDefinition/ig-parameter"
      },
      {
        "extension": [
          {
            "url": "code",
            "valueString": "path-output"
          },
          {
            "url": "value",
            "valueString": "output"
          }
        ],
        "url": "http://hl7.org/fhir/tools/StructureDefinition/ig-parameter"
      },
      {
        "extension": [
          {
            "url": "code",
            "valueString": "path-suppressed-warnings"
          },
          {
            "url": "value",
            "valueString": "input/ignoreWarnings.txt"
          }
        ],
        "url": "http://hl7.org/fhir/tools/StructureDefinition/ig-parameter"
      },
      {
        "extension": [
          {
            "url": "code",
            "valueString": "path-history"
          },
          {
            "url": "value",
            "valueString": "http://pacioproject.org/history.html"
          }
        ],
        "url": "http://hl7.org/fhir/tools/StructureDefinition/ig-parameter"
      },
      {
        "extension": [
          {
            "url": "code",
            "valueString": "template-html"
          },
          {
            "url": "value",
            "valueString": "template-page.html"
          }
        ],
        "url": "http://hl7.org/fhir/tools/StructureDefinition/ig-parameter"
      },
      {
        "extension": [
          {
            "url": "code",
            "valueString": "template-md"
          },
          {
            "url": "value",
            "valueString": "template-page-md.html"
          }
        ],
        "url": "http://hl7.org/fhir/tools/StructureDefinition/ig-parameter"
      },
      {
        "extension": [
          {
            "url": "code",
            "valueString": "apply-contact"
          },
          {
            "url": "value",
            "valueString": "true"
          }
        ],
        "url": "http://hl7.org/fhir/tools/StructureDefinition/ig-parameter"
      },
      {
        "extension": [
          {
            "url": "code",
            "valueString": "apply-context"
          },
          {
            "url": "value",
            "valueString": "true"
          }
        ],
        "url": "http://hl7.org/fhir/tools/StructureDefinition/ig-parameter"
      },
      {
        "extension": [
          {
            "url": "code",
            "valueString": "apply-copyright"
          },
          {
            "url": "value",
            "valueString": "true"
          }
        ],
        "url": "http://hl7.org/fhir/tools/StructureDefinition/ig-parameter"
      },
      {
        "extension": [
          {
            "url": "code",
            "valueString": "apply-jurisdiction"
          },
          {
            "url": "value",
            "valueString": "true"
          }
        ],
        "url": "http://hl7.org/fhir/tools/StructureDefinition/ig-parameter"
      },
      {
        "extension": [
          {
            "url": "code",
            "valueString": "apply-license"
          },
          {
            "url": "value",
            "valueString": "true"
          }
        ],
        "url": "http://hl7.org/fhir/tools/StructureDefinition/ig-parameter"
      },
      {
        "extension": [
          {
            "url": "code",
            "valueString": "apply-publisher"
          },
          {
            "url": "value",
            "valueString": "true"
          }
        ],
        "url": "http://hl7.org/fhir/tools/StructureDefinition/ig-parameter"
      },
      {
        "extension": [
          {
            "url": "code",
            "valueString": "apply-version"
          },
          {
            "url": "value",
            "valueString": "true"
          }
        ],
        "url": "http://hl7.org/fhir/tools/StructureDefinition/ig-parameter"
      },
      {
        "extension": [
          {
            "url": "code",
            "valueString": "active-tables"
          },
          {
            "url": "value",
            "valueString": "true"
          }
        ],
        "url": "http://hl7.org/fhir/tools/StructureDefinition/ig-parameter"
      }
    ],
    "resource": [
      {
        "extension": [
          {
            "url": "http://hl7.org/fhir/tools/StructureDefinition/resource-information",
            "valueString": "StructureDefinition:resource"
          },
          {
            "url": "http://hl7.org/fhir/StructureDefinition/implementationguide-page",
            "valueUri": "StructureDefinition-pacio-bcs.html"
          }
        ],
        "reference": {
          "reference": "StructureDefinition/pacio-bcs"
        },
        "name": "PACIO Bundled Cognitive Status",
        "description": "An point in time bundle of cognitive status observations for a patient.",
        "exampleBoolean": false
      },
      {
        "extension": [
          {
            "url": "http://hl7.org/fhir/tools/StructureDefinition/resource-information",
            "valueString": "StructureDefinition:resource"
          },
          {
            "url": "http://hl7.org/fhir/StructureDefinition/implementationguide-page",
            "valueUri": "StructureDefinition-pacio-cognition-qr.html"
          }
        ],
        "reference": {
          "reference": "StructureDefinition/pacio-cognition-qr"
        },
        "name": "PACIO Cognition Questionnaire Response",
        "description": "A completed, or sections of a completed, CMS PAC assessment.",
        "exampleBoolean": false
      },
      {
        "extension": [
          {
            "url": "http://hl7.org/fhir/tools/StructureDefinition/resource-information",
            "valueString": "StructureDefinition:resource"
          },
          {
            "url": "http://hl7.org/fhir/StructureDefinition/implementationguide-page",
            "valueUri": "StructureDefinition-pacio-cs.html"
          }
        ],
        "reference": {
          "reference": "StructureDefinition/pacio-cs"
        },
        "name": "PACIO Cognitive Status",
        "description": "An exchange of cognitive status data for a patient.",
        "exampleBoolean": false
      },
      {
        "extension": [
          {
            "url": "http://hl7.org/fhir/tools/StructureDefinition/resource-information",
            "valueString": "StructureDefinition:resource"
          },
          {
            "url": "http://hl7.org/fhir/StructureDefinition/implementationguide-page",
            "valueUri": "StructureDefinition-pacio-cs-dev.html"
          }
        ],
        "reference": {
          "reference": "StructureDefinition/pacio-cs-dev"
        },
        "name": "Use of Device",
        "description": "A device used by a Patient during a cognitive status assessment.",
        "exampleBoolean": false
      },
      {
        "extension": [
          {
            "url": "http://hl7.org/fhir/tools/StructureDefinition/resource-information",
            "valueString": "Observation"
          },
          {
            "url": "http://hl7.org/fhir/StructureDefinition/implementationguide-page",
            "valueUri": "Observation-Connectathon-Assessment-CS-3-First3DSNFAdmission.html"
          }
        ],
        "reference": {
          "reference": "Observation/Connectathon-Assessment-CS-3-First3DSNFAdmission"
        },
        "name": "Connectathon-Assessment-CS-3-First3DSNFAdmission",
        "exampleCanonical": "http://pacioproject.org/StructureDefinition/pacio-bcs"
      },
      {
        "extension": [
          {
            "url": "http://hl7.org/fhir/tools/StructureDefinition/resource-information",
            "valueString": "Observation"
          },
          {
            "url": "http://hl7.org/fhir/StructureDefinition/implementationguide-page",
            "valueUri": "Observation-Connectathon-Assessment-CS-3-First3DSNFAdmission-Ob-12.html"
          }
        ],
        "reference": {
          "reference": "Observation/Connectathon-Assessment-CS-3-First3DSNFAdmission-Ob-12"
        },
        "name": "Connectathon-Assessment-CS-3-First3DSNFAdmission-Ob-12",
        "exampleCanonical": "http://pacioproject.org/StructureDefinition/pacio-cs"
      },
      {
        "extension": [
          {
            "url": "http://hl7.org/fhir/tools/StructureDefinition/resource-information",
            "valueString": "Observation"
          },
          {
            "url": "http://hl7.org/fhir/StructureDefinition/implementationguide-page",
            "valueUri": "Observation-Connectathon-Assessment-CS-3-First3DSNFAdmission-Ob-2.html"
          }
        ],
        "reference": {
          "reference": "Observation/Connectathon-Assessment-CS-3-First3DSNFAdmission-Ob-2"
        },
        "name": "Connectathon-Assessment-CS-3-First3DSNFAdmission-Ob-2",
        "exampleCanonical": "http://pacioproject.org/StructureDefinition/pacio-cs"
      },
      {
        "extension": [
          {
            "url": "http://hl7.org/fhir/tools/StructureDefinition/resource-information",
            "valueString": "Observation"
          },
          {
            "url": "http://hl7.org/fhir/StructureDefinition/implementationguide-page",
            "valueUri": "Observation-Connectathon-Assessment-CS-3-First3DSNFAdmission-Ob-7.html"
          }
        ],
        "reference": {
          "reference": "Observation/Connectathon-Assessment-CS-3-First3DSNFAdmission-Ob-7"
        },
        "name": "Connectathon-Assessment-CS-3-First3DSNFAdmission-Ob-7",
        "exampleCanonical": "http://pacioproject.org/StructureDefinition/pacio-cs"
      },
      {
        "extension": [
          {
            "url": "http://hl7.org/fhir/tools/StructureDefinition/resource-information",
            "valueString": "Observation"
          },
          {
            "url": "http://hl7.org/fhir/StructureDefinition/implementationguide-page",
            "valueUri": "Observation-Connectathon-Assessment-CS-4-Last3DSNFStay.html"
          }
        ],
        "reference": {
          "reference": "Observation/Connectathon-Assessment-CS-4-Last3DSNFStay"
        },
        "name": "Connectathon-Assessment-CS-4-Last3DSNFStay",
        "exampleCanonical": "http://pacioproject.org/StructureDefinition/pacio-bcs"
      },
      {
        "extension": [
          {
            "url": "http://hl7.org/fhir/tools/StructureDefinition/resource-information",
            "valueString": "Observation"
          },
          {
            "url": "http://hl7.org/fhir/StructureDefinition/implementationguide-page",
            "valueUri": "Observation-Connectathon-Assessment-CS-4-Last3DSNFStay-Ob-13.html"
          }
        ],
        "reference": {
          "reference": "Observation/Connectathon-Assessment-CS-4-Last3DSNFStay-Ob-13"
        },
        "name": "Connectathon-Assessment-CS-4-Last3DSNFStay-Ob-13",
        "exampleCanonical": "http://pacioproject.org/StructureDefinition/pacio-cs"
      },
      {
        "extension": [
          {
            "url": "http://hl7.org/fhir/tools/StructureDefinition/resource-information",
            "valueString": "Observation"
          },
          {
            "url": "http://hl7.org/fhir/StructureDefinition/implementationguide-page",
            "valueUri": "Observation-Connectathon-Assessment-CS-4-Last3DSNFStay-Ob-3.html"
          }
        ],
        "reference": {
          "reference": "Observation/Connectathon-Assessment-CS-4-Last3DSNFStay-Ob-3"
        },
        "name": "Connectathon-Assessment-CS-4-Last3DSNFStay-Ob-3",
        "exampleCanonical": "http://pacioproject.org/StructureDefinition/pacio-cs"
      },
      {
        "extension": [
          {
            "url": "http://hl7.org/fhir/tools/StructureDefinition/resource-information",
            "valueString": "Observation"
          },
          {
            "url": "http://hl7.org/fhir/StructureDefinition/implementationguide-page",
            "valueUri": "Observation-Connectathon-Assessment-CS-4-Last3DSNFStay-Ob-8.html"
          }
        ],
        "reference": {
          "reference": "Observation/Connectathon-Assessment-CS-4-Last3DSNFStay-Ob-8"
        },
        "name": "Connectathon-Assessment-CS-4-Last3DSNFStay-Ob-8",
        "exampleCanonical": "http://pacioproject.org/StructureDefinition/pacio-cs"
      },
      {
        "extension": [
          {
            "url": "http://hl7.org/fhir/tools/StructureDefinition/resource-information",
            "valueString": "Observation"
          },
          {
            "url": "http://hl7.org/fhir/StructureDefinition/implementationguide-page",
            "valueUri": "Observation-Connectathon-Assessment-CS-5-HHStartOfCarePerf.html"
          }
        ],
        "reference": {
          "reference": "Observation/Connectathon-Assessment-CS-5-HHStartOfCarePerf"
        },
        "name": "Connectathon-Assessment-CS-5-HHStartOfCarePerf",
        "exampleCanonical": "http://pacioproject.org/StructureDefinition/pacio-bcs"
      },
      {
        "extension": [
          {
            "url": "http://hl7.org/fhir/tools/StructureDefinition/resource-information",
            "valueString": "Observation"
          },
          {
            "url": "http://hl7.org/fhir/StructureDefinition/implementationguide-page",
            "valueUri": "Observation-Connectathon-Assessment-CS-5-HHStartOfCarePerf-Ob-14.html"
          }
        ],
        "reference": {
          "reference": "Observation/Connectathon-Assessment-CS-5-HHStartOfCarePerf-Ob-14"
        },
        "name": "Connectathon-Assessment-CS-5-HHStartOfCarePerf-Ob-14",
        "exampleCanonical": "http://pacioproject.org/StructureDefinition/pacio-cs"
      },
      {
        "extension": [
          {
            "url": "http://hl7.org/fhir/tools/StructureDefinition/resource-information",
            "valueString": "Observation"
          },
          {
            "url": "http://hl7.org/fhir/StructureDefinition/implementationguide-page",
            "valueUri": "Observation-Connectathon-Assessment-CS-5-HHStartOfCarePerf-Ob-4.html"
          }
        ],
        "reference": {
          "reference": "Observation/Connectathon-Assessment-CS-5-HHStartOfCarePerf-Ob-4"
        },
        "name": "Connectathon-Assessment-CS-5-HHStartOfCarePerf-Ob-4",
        "exampleCanonical": "http://pacioproject.org/StructureDefinition/pacio-cs"
      },
      {
        "extension": [
          {
            "url": "http://hl7.org/fhir/tools/StructureDefinition/resource-information",
            "valueString": "Observation"
          },
          {
            "url": "http://hl7.org/fhir/StructureDefinition/implementationguide-page",
            "valueUri": "Observation-Connectathon-Assessment-CS-5-HHStartOfCarePerf-Ob-9.html"
          }
        ],
        "reference": {
          "reference": "Observation/Connectathon-Assessment-CS-5-HHStartOfCarePerf-Ob-9"
        },
        "name": "Connectathon-Assessment-CS-5-HHStartOfCarePerf-Ob-9",
        "exampleCanonical": "http://pacioproject.org/StructureDefinition/pacio-cs"
      },
      {
        "extension": [
          {
            "url": "http://hl7.org/fhir/tools/StructureDefinition/resource-information",
            "valueString": "Observation"
          },
          {
            "url": "http://hl7.org/fhir/StructureDefinition/implementationguide-page",
            "valueUri": "Observation-Connectathon-Assessment-CS-6-HHDischargePerf.html"
          }
        ],
        "reference": {
          "reference": "Observation/Connectathon-Assessment-CS-6-HHDischargePerf"
        },
        "name": "Connectathon-Assessment-CS-6-HHDischargePerf",
        "exampleCanonical": "http://pacioproject.org/StructureDefinition/pacio-bcs"
      },
      {
        "extension": [
          {
            "url": "http://hl7.org/fhir/tools/StructureDefinition/resource-information",
            "valueString": "Observation"
          },
          {
            "url": "http://hl7.org/fhir/StructureDefinition/implementationguide-page",
            "valueUri": "Observation-Connectathon-Assessment-CS-6-HHDischargePerf-Ob-10.html"
          }
        ],
        "reference": {
          "reference": "Observation/Connectathon-Assessment-CS-6-HHDischargePerf-Ob-10"
        },
        "name": "Connectathon-Assessment-CS-6-HHDischargePerf-Ob-10",
        "exampleCanonical": "http://pacioproject.org/StructureDefinition/pacio-cs"
      },
      {
        "extension": [
          {
            "url": "http://hl7.org/fhir/tools/StructureDefinition/resource-information",
            "valueString": "Observation"
          },
          {
            "url": "http://hl7.org/fhir/StructureDefinition/implementationguide-page",
            "valueUri": "Observation-Connectathon-Assessment-CS-6-HHDischargePerf-Ob-15.html"
          }
        ],
        "reference": {
          "reference": "Observation/Connectathon-Assessment-CS-6-HHDischargePerf-Ob-15"
        },
        "name": "Connectathon-Assessment-CS-6-HHDischargePerf-Ob-15",
        "exampleCanonical": "http://pacioproject.org/StructureDefinition/pacio-cs"
      },
      {
        "extension": [
          {
            "url": "http://hl7.org/fhir/tools/StructureDefinition/resource-information",
            "valueString": "Observation"
          },
          {
            "url": "http://hl7.org/fhir/StructureDefinition/implementationguide-page",
            "valueUri": "Observation-Connectathon-Assessment-CS-6-HHDischargePerf-Ob-5.html"
          }
        ],
        "reference": {
          "reference": "Observation/Connectathon-Assessment-CS-6-HHDischargePerf-Ob-5"
        },
        "name": "Connectathon-Assessment-CS-6-HHDischargePerf-Ob-5",
        "exampleCanonical": "http://pacioproject.org/StructureDefinition/pacio-cs"
      },
      {
        "extension": [
          {
            "url": "http://hl7.org/fhir/tools/StructureDefinition/resource-information",
            "valueString": "Observation"
          },
          {
            "url": "http://hl7.org/fhir/StructureDefinition/implementationguide-page",
            "valueUri": "Observation-Connectathon-Assessment-CS-Hospital-CAM.html"
          }
        ],
        "reference": {
          "reference": "Observation/Connectathon-Assessment-CS-Hospital-CAM"
        },
        "name": "Connectathon-Assessment-CS-Hospital-CAM",
        "exampleCanonical": "http://pacioproject.org/StructureDefinition/pacio-bcs"
      },
      {
        "extension": [
          {
            "url": "http://hl7.org/fhir/tools/StructureDefinition/resource-information",
            "valueString": "Observation"
          },
          {
            "url": "http://hl7.org/fhir/StructureDefinition/implementationguide-page",
            "valueUri": "Observation-Connectathon-Assessment-CS-Hospital-CAM-Ob-1.html"
          }
        ],
        "reference": {
          "reference": "Observation/Connectathon-Assessment-CS-Hospital-CAM-Ob-1"
        },
        "name": "Connectathon-Assessment-CS-Hospital-CAM-Ob-1",
        "exampleCanonical": "http://pacioproject.org/StructureDefinition/pacio-cs"
      },
      {
        "extension": [
          {
            "url": "http://hl7.org/fhir/tools/StructureDefinition/resource-information",
            "valueString": "Observation"
          },
          {
            "url": "http://hl7.org/fhir/StructureDefinition/implementationguide-page",
            "valueUri": "Observation-Connectathon-Assessment-CS-Hospital-CAM-Ob-11.html"
          }
        ],
        "reference": {
          "reference": "Observation/Connectathon-Assessment-CS-Hospital-CAM-Ob-11"
        },
        "name": "Connectathon-Assessment-CS-Hospital-CAM-Ob-11",
        "exampleCanonical": "http://pacioproject.org/StructureDefinition/pacio-cs"
      },
      {
        "extension": [
          {
            "url": "http://hl7.org/fhir/tools/StructureDefinition/resource-information",
            "valueString": "Observation"
          },
          {
            "url": "http://hl7.org/fhir/StructureDefinition/implementationguide-page",
            "valueUri": "Observation-Connectathon-Assessment-CS-Hospital-CAM-Ob-6.html"
          }
        ],
        "reference": {
          "reference": "Observation/Connectathon-Assessment-CS-Hospital-CAM-Ob-6"
        },
        "name": "Connectathon-Assessment-CS-Hospital-CAM-Ob-6",
        "exampleCanonical": "http://pacioproject.org/StructureDefinition/pacio-cs"
      },
      {
        "extension": [
          {
            "url": "http://hl7.org/fhir/tools/StructureDefinition/resource-information",
            "valueString": "Observation"
          },
          {
            "url": "http://hl7.org/fhir/StructureDefinition/implementationguide-page",
            "valueUri": "Observation-Connectathon-Assessment-CS-Hospital-MOCA.html"
          }
        ],
        "reference": {
          "reference": "Observation/Connectathon-Assessment-CS-Hospital-MOCA"
        },
        "name": "Connectathon-Assessment-CS-Hospital-MOCA",
        "exampleCanonical": "http://pacioproject.org/StructureDefinition/pacio-bcs"
      },
      {
        "extension": [
          {
            "url": "http://hl7.org/fhir/tools/StructureDefinition/resource-information",
            "valueString": "Observation"
          },
          {
            "url": "http://hl7.org/fhir/StructureDefinition/implementationguide-page",
            "valueUri": "Observation-Connectathon-Assessment-CS-Hospital-MOCA-Ob-16.html"
          }
        ],
        "reference": {
          "reference": "Observation/Connectathon-Assessment-CS-Hospital-MOCA-Ob-16"
        },
        "name": "Connectathon-Assessment-CS-Hospital-MOCA-Ob-16",
        "exampleCanonical": "http://pacioproject.org/StructureDefinition/pacio-cs"
      },
      {
        "extension": [
          {
            "url": "http://hl7.org/fhir/tools/StructureDefinition/resource-information",
            "valueString": "Observation"
          },
          {
            "url": "http://hl7.org/fhir/StructureDefinition/implementationguide-page",
            "valueUri": "Observation-Connectathon-Assessment-CS-NursingFacility-BIMS.html"
          }
        ],
        "reference": {
          "reference": "Observation/Connectathon-Assessment-CS-NursingFacility-BIMS"
        },
        "name": "Connectathon-Assessment-CS-NursingFacility-BIMS",
        "exampleCanonical": "http://pacioproject.org/StructureDefinition/pacio-bcs"
      },
      {
        "extension": [
          {
            "url": "http://hl7.org/fhir/tools/StructureDefinition/resource-information",
            "valueString": "Observation"
          },
          {
            "url": "http://hl7.org/fhir/StructureDefinition/implementationguide-page",
            "valueUri": "Observation-Connectathon-Assessment-CS-NursingFacility-BIMS-Ob-17.html"
          }
        ],
        "reference": {
          "reference": "Observation/Connectathon-Assessment-CS-NursingFacility-BIMS-Ob-17"
        },
        "name": "Connectathon-Assessment-CS-NursingFacility-BIMS-Ob-17",
        "exampleCanonical": "http://pacioproject.org/StructureDefinition/pacio-cs"
      },
      {
        "extension": [
          {
            "url": "http://hl7.org/fhir/tools/StructureDefinition/resource-information",
            "valueString": "Observation"
          },
          {
            "url": "http://hl7.org/fhir/StructureDefinition/implementationguide-page",
            "valueUri": "Observation-Connectathon-Assessment-CS-NursingFacility-BIMS-Ob-18.html"
          }
        ],
        "reference": {
          "reference": "Observation/Connectathon-Assessment-CS-NursingFacility-BIMS-Ob-18"
        },
        "name": "Connectathon-Assessment-CS-NursingFacility-BIMS-Ob-18",
        "exampleCanonical": "http://pacioproject.org/StructureDefinition/pacio-cs"
      },
      {
        "extension": [
          {
            "url": "http://hl7.org/fhir/tools/StructureDefinition/resource-information",
            "valueString": "Observation"
          },
          {
            "url": "http://hl7.org/fhir/StructureDefinition/implementationguide-page",
            "valueUri": "Observation-Connectathon-Assessment-CS-NursingFacility-BIMS-Ob-19.html"
          }
        ],
        "reference": {
          "reference": "Observation/Connectathon-Assessment-CS-NursingFacility-BIMS-Ob-19"
        },
        "name": "Connectathon-Assessment-CS-NursingFacility-BIMS-Ob-19",
        "exampleCanonical": "http://pacioproject.org/StructureDefinition/pacio-cs"
      },
      {
        "extension": [
          {
            "url": "http://hl7.org/fhir/tools/StructureDefinition/resource-information",
            "valueString": "Observation"
          },
          {
            "url": "http://hl7.org/fhir/StructureDefinition/implementationguide-page",
            "valueUri": "Observation-Connectathon-Assessment-CS-NursingFacility-BIMS-Ob-20.html"
          }
        ],
        "reference": {
          "reference": "Observation/Connectathon-Assessment-CS-NursingFacility-BIMS-Ob-20"
        },
        "name": "Connectathon-Assessment-CS-NursingFacility-BIMS-Ob-20",
        "exampleCanonical": "http://pacioproject.org/StructureDefinition/pacio-cs"
      },
      {
        "extension": [
          {
            "url": "http://hl7.org/fhir/tools/StructureDefinition/resource-information",
            "valueString": "Observation"
          },
          {
            "url": "http://hl7.org/fhir/StructureDefinition/implementationguide-page",
            "valueUri": "Observation-Connectathon-Assessment-CS-NursingFacility-BIMS-Ob-21.html"
          }
        ],
        "reference": {
          "reference": "Observation/Connectathon-Assessment-CS-NursingFacility-BIMS-Ob-21"
        },
        "name": "Connectathon-Assessment-CS-NursingFacility-BIMS-Ob-21",
        "exampleCanonical": "http://pacioproject.org/StructureDefinition/pacio-cs"
      },
      {
        "extension": [
          {
            "url": "http://hl7.org/fhir/tools/StructureDefinition/resource-information",
            "valueString": "Observation"
          },
          {
            "url": "http://hl7.org/fhir/StructureDefinition/implementationguide-page",
            "valueUri": "Observation-Connectathon-Assessment-CS-NursingFacility-BIMS-Ob-22.html"
          }
        ],
        "reference": {
          "reference": "Observation/Connectathon-Assessment-CS-NursingFacility-BIMS-Ob-22"
        },
        "name": "Connectathon-Assessment-CS-NursingFacility-BIMS-Ob-22",
        "exampleCanonical": "http://pacioproject.org/StructureDefinition/pacio-cs"
      },
      {
        "extension": [
          {
            "url": "http://hl7.org/fhir/tools/StructureDefinition/resource-information",
            "valueString": "Observation"
          },
          {
            "url": "http://hl7.org/fhir/StructureDefinition/implementationguide-page",
            "valueUri": "Observation-Connectathon-Assessment-CS-NursingFacility-BIMS-Ob-23.html"
          }
        ],
        "reference": {
          "reference": "Observation/Connectathon-Assessment-CS-NursingFacility-BIMS-Ob-23"
        },
        "name": "Connectathon-Assessment-CS-NursingFacility-BIMS-Ob-23",
        "exampleCanonical": "http://pacioproject.org/StructureDefinition/pacio-cs"
      },
      {
        "extension": [
          {
            "url": "http://hl7.org/fhir/tools/StructureDefinition/resource-information",
            "valueString": "Observation"
          },
          {
            "url": "http://hl7.org/fhir/StructureDefinition/implementationguide-page",
            "valueUri": "Observation-Connectathon-Assessment-CS-NursingFacility-BIMS-Ob-24.html"
          }
        ],
        "reference": {
          "reference": "Observation/Connectathon-Assessment-CS-NursingFacility-BIMS-Ob-24"
        },
        "name": "Connectathon-Assessment-CS-NursingFacility-BIMS-Ob-24",
        "exampleCanonical": "http://pacioproject.org/StructureDefinition/pacio-cs"
      },
      {
        "extension": [
          {
            "url": "http://hl7.org/fhir/tools/StructureDefinition/resource-information",
            "valueString": "Observation"
          },
          {
            "url": "http://hl7.org/fhir/StructureDefinition/implementationguide-page",
            "valueUri": "Observation-Connectathon-Assessment-CS-NursingFacility-PHQ9.html"
          }
        ],
        "reference": {
          "reference": "Observation/Connectathon-Assessment-CS-NursingFacility-PHQ9"
        },
        "name": "Connectathon-Assessment-CS-NursingFacility-PHQ9",
        "exampleCanonical": "http://pacioproject.org/StructureDefinition/pacio-bcs"
      },
      {
        "extension": [
          {
            "url": "http://hl7.org/fhir/tools/StructureDefinition/resource-information",
            "valueString": "Observation"
          },
          {
            "url": "http://hl7.org/fhir/StructureDefinition/implementationguide-page",
            "valueUri": "Observation-Connectathon-Assessment-CS-NursingFacility-PHQ9-Ob-25.html"
          }
        ],
        "reference": {
          "reference": "Observation/Connectathon-Assessment-CS-NursingFacility-PHQ9-Ob-25"
        },
        "name": "Connectathon-Assessment-CS-NursingFacility-PHQ9-Ob-25",
        "exampleCanonical": "http://pacioproject.org/StructureDefinition/pacio-cs"
      },
      {
        "extension": [
          {
            "url": "http://hl7.org/fhir/tools/StructureDefinition/resource-information",
            "valueString": "Observation"
          },
          {
            "url": "http://hl7.org/fhir/StructureDefinition/implementationguide-page",
            "valueUri": "Observation-Connectathon-Assessment-CS-NursingFacility-PHQ9-Ob-26.html"
          }
        ],
        "reference": {
          "reference": "Observation/Connectathon-Assessment-CS-NursingFacility-PHQ9-Ob-26"
        },
        "name": "Connectathon-Assessment-CS-NursingFacility-PHQ9-Ob-26",
        "exampleCanonical": "http://pacioproject.org/StructureDefinition/pacio-cs"
      },
      {
        "extension": [
          {
            "url": "http://hl7.org/fhir/tools/StructureDefinition/resource-information",
            "valueString": "Observation"
          },
          {
            "url": "http://hl7.org/fhir/StructureDefinition/implementationguide-page",
            "valueUri": "Observation-Connectathon-Assessment-CS-NursingFacility-PHQ9-Ob-27.html"
          }
        ],
        "reference": {
          "reference": "Observation/Connectathon-Assessment-CS-NursingFacility-PHQ9-Ob-27"
        },
        "name": "Connectathon-Assessment-CS-NursingFacility-PHQ9-Ob-27",
        "exampleCanonical": "http://pacioproject.org/StructureDefinition/pacio-cs"
      },
      {
        "extension": [
          {
            "url": "http://hl7.org/fhir/tools/StructureDefinition/resource-information",
            "valueString": "Observation"
          },
          {
            "url": "http://hl7.org/fhir/StructureDefinition/implementationguide-page",
            "valueUri": "Observation-Connectathon-Assessment-CS-NursingFacility-PHQ9-Ob-28.html"
          }
        ],
        "reference": {
          "reference": "Observation/Connectathon-Assessment-CS-NursingFacility-PHQ9-Ob-28"
        },
        "name": "Connectathon-Assessment-CS-NursingFacility-PHQ9-Ob-28",
        "exampleCanonical": "http://pacioproject.org/StructureDefinition/pacio-cs"
      },
      {
        "extension": [
          {
            "url": "http://hl7.org/fhir/tools/StructureDefinition/resource-information",
            "valueString": "Observation"
          },
          {
            "url": "http://hl7.org/fhir/StructureDefinition/implementationguide-page",
            "valueUri": "Observation-Connectathon-Assessment-CS-NursingFacility-PHQ9-Ob-29.html"
          }
        ],
        "reference": {
          "reference": "Observation/Connectathon-Assessment-CS-NursingFacility-PHQ9-Ob-29"
        },
        "name": "Connectathon-Assessment-CS-NursingFacility-PHQ9-Ob-29",
        "exampleCanonical": "http://pacioproject.org/StructureDefinition/pacio-cs"
      },
      {
        "extension": [
          {
            "url": "http://hl7.org/fhir/tools/StructureDefinition/resource-information",
            "valueString": "Observation"
          },
          {
            "url": "http://hl7.org/fhir/StructureDefinition/implementationguide-page",
            "valueUri": "Observation-Connectathon-Assessment-CS-NursingFacility-PHQ9-Ob-30.html"
          }
        ],
        "reference": {
          "reference": "Observation/Connectathon-Assessment-CS-NursingFacility-PHQ9-Ob-30"
        },
        "name": "Connectathon-Assessment-CS-NursingFacility-PHQ9-Ob-30",
        "exampleCanonical": "http://pacioproject.org/StructureDefinition/pacio-cs"
      },
      {
        "extension": [
          {
            "url": "http://hl7.org/fhir/tools/StructureDefinition/resource-information",
            "valueString": "Observation"
          },
          {
            "url": "http://hl7.org/fhir/StructureDefinition/implementationguide-page",
            "valueUri": "Observation-Connectathon-Assessment-CS-NursingFacility-PHQ9-Ob-31.html"
          }
        ],
        "reference": {
          "reference": "Observation/Connectathon-Assessment-CS-NursingFacility-PHQ9-Ob-31"
        },
        "name": "Connectathon-Assessment-CS-NursingFacility-PHQ9-Ob-31",
        "exampleCanonical": "http://pacioproject.org/StructureDefinition/pacio-cs"
      },
      {
        "extension": [
          {
            "url": "http://hl7.org/fhir/tools/StructureDefinition/resource-information",
            "valueString": "Observation"
          },
          {
            "url": "http://hl7.org/fhir/StructureDefinition/implementationguide-page",
            "valueUri": "Observation-Connectathon-Assessment-CS-NursingFacility-PHQ9-Ob-32.html"
          }
        ],
        "reference": {
          "reference": "Observation/Connectathon-Assessment-CS-NursingFacility-PHQ9-Ob-32"
        },
        "name": "Connectathon-Assessment-CS-NursingFacility-PHQ9-Ob-32",
        "exampleCanonical": "http://pacioproject.org/StructureDefinition/pacio-cs"
      },
      {
        "extension": [
          {
            "url": "http://hl7.org/fhir/tools/StructureDefinition/resource-information",
            "valueString": "Observation"
          },
          {
            "url": "http://hl7.org/fhir/StructureDefinition/implementationguide-page",
            "valueUri": "Observation-Connectathon-Assessment-CS-NursingFacility-PHQ9-Ob-33.html"
          }
        ],
        "reference": {
          "reference": "Observation/Connectathon-Assessment-CS-NursingFacility-PHQ9-Ob-33"
        },
        "name": "Connectathon-Assessment-CS-NursingFacility-PHQ9-Ob-33",
        "exampleCanonical": "http://pacioproject.org/StructureDefinition/pacio-cs"
      },
      {
        "extension": [
          {
            "url": "http://hl7.org/fhir/tools/StructureDefinition/resource-information",
            "valueString": "Observation"
          },
          {
            "url": "http://hl7.org/fhir/StructureDefinition/implementationguide-page",
            "valueUri": "Observation-Connectathon-Assessment-CS-NursingFacility-PHQ9-Ob-34.html"
          }
        ],
        "reference": {
          "reference": "Observation/Connectathon-Assessment-CS-NursingFacility-PHQ9-Ob-34"
        },
        "name": "Connectathon-Assessment-CS-NursingFacility-PHQ9-Ob-34",
        "exampleCanonical": "http://pacioproject.org/StructureDefinition/pacio-cs"
      },
      {
        "extension": [
          {
            "url": "http://hl7.org/fhir/tools/StructureDefinition/resource-information",
            "valueString": "Observation"
          },
          {
            "url": "http://hl7.org/fhir/StructureDefinition/implementationguide-page",
            "valueUri": "Observation-Connectathon-Assessment-CS-NursingFacility-PHQ9-Ob-35.html"
          }
        ],
        "reference": {
          "reference": "Observation/Connectathon-Assessment-CS-NursingFacility-PHQ9-Ob-35"
        },
        "name": "Connectathon-Assessment-CS-NursingFacility-PHQ9-Ob-35",
        "exampleCanonical": "http://pacioproject.org/StructureDefinition/pacio-cs"
      },
      {
        "extension": [
          {
            "url": "http://hl7.org/fhir/tools/StructureDefinition/resource-information",
            "valueString": "Observation"
          },
          {
            "url": "http://hl7.org/fhir/StructureDefinition/implementationguide-page",
            "valueUri": "Observation-Connectathon-Assessment-CS-NursingFacility-PHQ9-Ob-36.html"
          }
        ],
        "reference": {
          "reference": "Observation/Connectathon-Assessment-CS-NursingFacility-PHQ9-Ob-36"
        },
        "name": "Connectathon-Assessment-CS-NursingFacility-PHQ9-Ob-36",
        "exampleCanonical": "http://pacioproject.org/StructureDefinition/pacio-cs"
      },
      {
        "extension": [
          {
            "url": "http://hl7.org/fhir/tools/StructureDefinition/resource-information",
            "valueString": "Observation"
          },
          {
            "url": "http://hl7.org/fhir/StructureDefinition/implementationguide-page",
            "valueUri": "Observation-Connectathon-Assessment-CS-NursingFacility-PHQ9-Ob-37.html"
          }
        ],
        "reference": {
          "reference": "Observation/Connectathon-Assessment-CS-NursingFacility-PHQ9-Ob-37"
        },
        "name": "Connectathon-Assessment-CS-NursingFacility-PHQ9-Ob-37",
        "exampleCanonical": "http://pacioproject.org/StructureDefinition/pacio-cs"
      },
      {
        "extension": [
          {
            "url": "http://hl7.org/fhir/tools/StructureDefinition/resource-information",
            "valueString": "Observation"
          },
          {
            "url": "http://hl7.org/fhir/StructureDefinition/implementationguide-page",
            "valueUri": "Observation-Connectathon-Assessment-CS-NursingFacility-PHQ9-Ob-38.html"
          }
        ],
        "reference": {
          "reference": "Observation/Connectathon-Assessment-CS-NursingFacility-PHQ9-Ob-38"
        },
        "name": "Connectathon-Assessment-CS-NursingFacility-PHQ9-Ob-38",
        "exampleCanonical": "http://pacioproject.org/StructureDefinition/pacio-cs"
      },
      {
        "extension": [
          {
            "url": "http://hl7.org/fhir/tools/StructureDefinition/resource-information",
            "valueString": "Observation"
          },
          {
            "url": "http://hl7.org/fhir/StructureDefinition/implementationguide-page",
            "valueUri": "Observation-Connectathon-Assessment-CS-NursingFacility-PHQ9-Ob-39.html"
          }
        ],
        "reference": {
          "reference": "Observation/Connectathon-Assessment-CS-NursingFacility-PHQ9-Ob-39"
        },
        "name": "Connectathon-Assessment-CS-NursingFacility-PHQ9-Ob-39",
        "exampleCanonical": "http://pacioproject.org/StructureDefinition/pacio-cs"
      },
      {
        "extension": [
          {
            "url": "http://hl7.org/fhir/tools/StructureDefinition/resource-information",
            "valueString": "Observation"
          },
          {
            "url": "http://hl7.org/fhir/StructureDefinition/implementationguide-page",
            "valueUri": "Observation-Connectathon-Assessment-CS-NursingFacility-PHQ9-Ob-40.html"
          }
        ],
        "reference": {
          "reference": "Observation/Connectathon-Assessment-CS-NursingFacility-PHQ9-Ob-40"
        },
        "name": "Connectathon-Assessment-CS-NursingFacility-PHQ9-Ob-40",
        "exampleCanonical": "http://pacioproject.org/StructureDefinition/pacio-cs"
      },
      {
        "extension": [
          {
            "url": "http://hl7.org/fhir/tools/StructureDefinition/resource-information",
            "valueString": "Observation"
          },
          {
            "url": "http://hl7.org/fhir/StructureDefinition/implementationguide-page",
            "valueUri": "Observation-Connectathon-Assessment-CS-NursingFacility-PHQ9-Ob-41.html"
          }
        ],
        "reference": {
          "reference": "Observation/Connectathon-Assessment-CS-NursingFacility-PHQ9-Ob-41"
        },
        "name": "Connectathon-Assessment-CS-NursingFacility-PHQ9-Ob-41",
        "exampleCanonical": "http://pacioproject.org/StructureDefinition/pacio-cs"
      },
      {
        "extension": [
          {
            "url": "http://hl7.org/fhir/tools/StructureDefinition/resource-information",
            "valueString": "Observation"
          },
          {
            "url": "http://hl7.org/fhir/StructureDefinition/implementationguide-page",
            "valueUri": "Observation-Connectathon-Assessment-CS-NursingFacility-PHQ9-Ob-42.html"
          }
        ],
        "reference": {
          "reference": "Observation/Connectathon-Assessment-CS-NursingFacility-PHQ9-Ob-42"
        },
        "name": "Connectathon-Assessment-CS-NursingFacility-PHQ9-Ob-42",
        "exampleCanonical": "http://pacioproject.org/StructureDefinition/pacio-cs"
      },
      {
        "extension": [
          {
            "url": "http://hl7.org/fhir/tools/StructureDefinition/resource-information",
            "valueString": "Organization"
          },
          {
            "url": "http://hl7.org/fhir/StructureDefinition/implementationguide-page",
            "valueUri": "Organization-Connectathon-Org-01.html"
          }
        ],
        "reference": {
          "reference": "Organization/Connectathon-Org-01"
        },
        "name": "Connectathon-Org-01",
        "exampleBoolean": true
      },
      {
        "extension": [
          {
            "url": "http://hl7.org/fhir/tools/StructureDefinition/resource-information",
            "valueString": "Organization"
          },
          {
            "url": "http://hl7.org/fhir/StructureDefinition/implementationguide-page",
            "valueUri": "Organization-Connectathon-Org-02.html"
          }
        ],
        "reference": {
          "reference": "Organization/Connectathon-Org-02"
        },
        "name": "Connectathon-Org-02",
        "exampleBoolean": true
      },
      {
        "extension": [
          {
            "url": "http://hl7.org/fhir/tools/StructureDefinition/resource-information",
            "valueString": "Organization"
          },
          {
            "url": "http://hl7.org/fhir/StructureDefinition/implementationguide-page",
            "valueUri": "Organization-Connectathon-Org-03.html"
          }
        ],
        "reference": {
          "reference": "Organization/Connectathon-Org-03"
        },
        "name": "Connectathon-Org-03",
        "exampleBoolean": true
      },
      {
        "extension": [
          {
            "url": "http://hl7.org/fhir/tools/StructureDefinition/resource-information",
            "valueString": "Location"
          },
          {
            "url": "http://hl7.org/fhir/StructureDefinition/implementationguide-page",
            "valueUri": "Location-Connectathon-Org-Loc-01.html"
          }
        ],
        "reference": {
          "reference": "Location/Connectathon-Org-Loc-01"
        },
        "name": "Connectathon-Org-Loc-01",
        "exampleBoolean": true
      },
      {
        "extension": [
          {
            "url": "http://hl7.org/fhir/tools/StructureDefinition/resource-information",
            "valueString": "Location"
          },
          {
            "url": "http://hl7.org/fhir/StructureDefinition/implementationguide-page",
            "valueUri": "Location-Connectathon-Org-Loc-02.html"
          }
        ],
        "reference": {
          "reference": "Location/Connectathon-Org-Loc-02"
        },
        "name": "Connectathon-Org-Loc-02",
        "exampleBoolean": true
      },
      {
        "extension": [
          {
            "url": "http://hl7.org/fhir/tools/StructureDefinition/resource-information",
            "valueString": "Location"
          },
          {
            "url": "http://hl7.org/fhir/StructureDefinition/implementationguide-page",
            "valueUri": "Location-Connectathon-Org-Loc-03.html"
          }
        ],
        "reference": {
          "reference": "Location/Connectathon-Org-Loc-03"
        },
        "name": "Connectathon-Org-Loc-03",
        "exampleBoolean": true
      },
      {
        "extension": [
          {
            "url": "http://hl7.org/fhir/tools/StructureDefinition/resource-information",
            "valueString": "Practitioner"
          },
          {
            "url": "http://hl7.org/fhir/StructureDefinition/implementationguide-page",
            "valueUri": "Practitioner-Connectathon-Practitioner-DanielGranger.html"
          }
        ],
        "reference": {
          "reference": "Practitioner/Connectathon-Practitioner-DanielGranger"
        },
        "name": "Connectathon-Practitioner-DanielGranger",
        "exampleBoolean": true
      },
      {
        "extension": [
          {
            "url": "http://hl7.org/fhir/tools/StructureDefinition/resource-information",
            "valueString": "Practitioner"
          },
          {
            "url": "http://hl7.org/fhir/StructureDefinition/implementationguide-page",
            "valueUri": "Practitioner-Connectathon-Practitioner-HoneyJones.html"
          }
        ],
        "reference": {
          "reference": "Practitioner/Connectathon-Practitioner-HoneyJones"
        },
        "name": "Connectathon-Practitioner-HoneyJones",
        "exampleBoolean": true
      },
      {
        "extension": [
          {
            "url": "http://hl7.org/fhir/tools/StructureDefinition/resource-information",
            "valueString": "Practitioner"
          },
          {
            "url": "http://hl7.org/fhir/StructureDefinition/implementationguide-page",
            "valueUri": "Practitioner-Connectathon-Practitioner-JenCadbury.html"
          }
        ],
        "reference": {
          "reference": "Practitioner/Connectathon-Practitioner-JenCadbury"
        },
        "name": "Connectathon-Practitioner-JenCadbury",
        "exampleBoolean": true
      },
      {
        "extension": [
          {
            "url": "http://hl7.org/fhir/tools/StructureDefinition/resource-information",
            "valueString": "Practitioner"
          },
          {
            "url": "http://hl7.org/fhir/StructureDefinition/implementationguide-page",
            "valueUri": "Practitioner-Connectathon-Practitioner-JennyGlass.html"
          }
        ],
        "reference": {
          "reference": "Practitioner/Connectathon-Practitioner-JennyGlass"
        },
        "name": "Connectathon-Practitioner-JennyGlass",
        "exampleBoolean": true
      },
      {
        "extension": [
          {
            "url": "http://hl7.org/fhir/tools/StructureDefinition/resource-information",
            "valueString": "Practitioner"
          },
          {
            "url": "http://hl7.org/fhir/StructureDefinition/implementationguide-page",
            "valueUri": "Practitioner-Connectathon-Practitioner-LunaBaskins.html"
          }
        ],
        "reference": {
          "reference": "Practitioner/Connectathon-Practitioner-LunaBaskins"
        },
        "name": "Connectathon-Practitioner-LunaBaskins",
        "exampleBoolean": true
      },
      {
        "extension": [
          {
            "url": "http://hl7.org/fhir/tools/StructureDefinition/resource-information",
            "valueString": "Practitioner"
          },
          {
            "url": "http://hl7.org/fhir/StructureDefinition/implementationguide-page",
            "valueUri": "Practitioner-Connectathon-Practitioner-RonBurgendy.html"
          }
        ],
        "reference": {
          "reference": "Practitioner/Connectathon-Practitioner-RonBurgendy"
        },
        "name": "Connectathon-Practitioner-RonBurgendy",
        "exampleBoolean": true
      },
      {
        "extension": [
          {
            "url": "http://hl7.org/fhir/tools/StructureDefinition/resource-information",
            "valueString": "Practitioner"
          },
          {
            "url": "http://hl7.org/fhir/StructureDefinition/implementationguide-page",
            "valueUri": "Practitioner-Connectathon-Practitioner-RonMarble.html"
          }
        ],
        "reference": {
          "reference": "Practitioner/Connectathon-Practitioner-RonMarble"
        },
        "name": "Connectathon-Practitioner-RonMarble",
        "exampleBoolean": true
      },
      {
        "extension": [
          {
            "url": "http://hl7.org/fhir/tools/StructureDefinition/resource-information",
            "valueString": "Practitioner"
          },
          {
            "url": "http://hl7.org/fhir/StructureDefinition/implementationguide-page",
            "valueUri": "Practitioner-Connectathon-Practitioner-SallySmith.html"
          }
        ],
        "reference": {
          "reference": "Practitioner/Connectathon-Practitioner-SallySmith"
        },
        "name": "Connectathon-Practitioner-SallySmith",
        "exampleBoolean": true
      },
      {
        "extension": [
          {
            "url": "http://hl7.org/fhir/tools/StructureDefinition/resource-information",
            "valueString": "Practitioner"
          },
          {
            "url": "http://hl7.org/fhir/StructureDefinition/implementationguide-page",
            "valueUri": "Practitioner-Connectathon-Practitioner-ScottDumble.html"
          }
        ],
        "reference": {
          "reference": "Practitioner/Connectathon-Practitioner-ScottDumble"
        },
        "name": "Connectathon-Practitioner-ScottDumble",
        "exampleBoolean": true
      },
      {
        "extension": [
          {
            "url": "http://hl7.org/fhir/tools/StructureDefinition/resource-information",
            "valueString": "QuestionnaireResponse"
          },
          {
            "url": "http://hl7.org/fhir/StructureDefinition/implementationguide-page",
            "valueUri": "QuestionnaireResponse-Connectathon-QuestResponse-CS-3-First3DSNFAdmission.html"
          }
        ],
        "reference": {
          "reference": "QuestionnaireResponse/Connectathon-QuestResponse-CS-3-First3DSNFAdmission"
        },
        "name": "Connectathon-QuestResponse-CS-3-First3DSNFAdmission",
        "exampleCanonical": "http://pacioproject.org/StructureDefinition/pacio-cognition-qr"
      },
      {
        "extension": [
          {
            "url": "http://hl7.org/fhir/tools/StructureDefinition/resource-information",
            "valueString": "QuestionnaireResponse"
          },
          {
            "url": "http://hl7.org/fhir/StructureDefinition/implementationguide-page",
            "valueUri": "QuestionnaireResponse-Connectathon-QuestResponse-CS-4-Last3DSNFStay.html"
          }
        ],
        "reference": {
          "reference": "QuestionnaireResponse/Connectathon-QuestResponse-CS-4-Last3DSNFStay"
        },
        "name": "Connectathon-QuestResponse-CS-4-Last3DSNFStay",
        "exampleCanonical": "http://pacioproject.org/StructureDefinition/pacio-cognition-qr"
      },
      {
        "extension": [
          {
            "url": "http://hl7.org/fhir/tools/StructureDefinition/resource-information",
            "valueString": "QuestionnaireResponse"
          },
          {
            "url": "http://hl7.org/fhir/StructureDefinition/implementationguide-page",
            "valueUri": "QuestionnaireResponse-Connectathon-QuestResponse-CS-5-HHStartOfCarePerf.html"
          }
        ],
        "reference": {
          "reference": "QuestionnaireResponse/Connectathon-QuestResponse-CS-5-HHStartOfCarePerf"
        },
        "name": "Connectathon-QuestResponse-CS-5-HHStartOfCarePerf",
        "exampleCanonical": "http://pacioproject.org/StructureDefinition/pacio-cognition-qr"
      },
      {
        "extension": [
          {
            "url": "http://hl7.org/fhir/tools/StructureDefinition/resource-information",
            "valueString": "QuestionnaireResponse"
          },
          {
            "url": "http://hl7.org/fhir/StructureDefinition/implementationguide-page",
            "valueUri": "QuestionnaireResponse-Connectathon-QuestResponse-CS-6-HHDischargePerf.html"
          }
        ],
        "reference": {
          "reference": "QuestionnaireResponse/Connectathon-QuestResponse-CS-6-HHDischargePerf"
        },
        "name": "Connectathon-QuestResponse-CS-6-HHDischargePerf",
        "exampleCanonical": "http://pacioproject.org/StructureDefinition/pacio-cognition-qr"
      },
      {
        "extension": [
          {
            "url": "http://hl7.org/fhir/tools/StructureDefinition/resource-information",
            "valueString": "QuestionnaireResponse"
          },
          {
            "url": "http://hl7.org/fhir/StructureDefinition/implementationguide-page",
            "valueUri": "QuestionnaireResponse-Connectathon-QuestResponse-CS-Hospital-CAM.html"
          }
        ],
        "reference": {
          "reference": "QuestionnaireResponse/Connectathon-QuestResponse-CS-Hospital-CAM"
        },
        "name": "Connectathon-QuestResponse-CS-Hospital-CAM",
        "exampleCanonical": "http://pacioproject.org/StructureDefinition/pacio-cognition-qr"
      },
      {
        "extension": [
          {
            "url": "http://hl7.org/fhir/tools/StructureDefinition/resource-information",
            "valueString": "QuestionnaireResponse"
          },
          {
            "url": "http://hl7.org/fhir/StructureDefinition/implementationguide-page",
            "valueUri": "QuestionnaireResponse-Connectathon-QuestResponse-CS-Hospital-MOCA.html"
          }
        ],
        "reference": {
          "reference": "QuestionnaireResponse/Connectathon-QuestResponse-CS-Hospital-MOCA"
        },
        "name": "Connectathon-QuestResponse-CS-Hospital-MOCA",
        "exampleCanonical": "http://pacioproject.org/StructureDefinition/pacio-cognition-qr"
      },
      {
        "extension": [
          {
            "url": "http://hl7.org/fhir/tools/StructureDefinition/resource-information",
            "valueString": "QuestionnaireResponse"
          },
          {
            "url": "http://hl7.org/fhir/StructureDefinition/implementationguide-page",
            "valueUri": "QuestionnaireResponse-Connectathon-QuestResponse-CS-NursingFacility-BIMS.html"
          }
        ],
        "reference": {
          "reference": "QuestionnaireResponse/Connectathon-QuestResponse-CS-NursingFacility-BIMS"
        },
        "name": "Connectathon-QuestResponse-CS-NursingFacility-BIMS",
        "exampleCanonical": "http://pacioproject.org/StructureDefinition/pacio-cognition-qr"
      },
      {
        "extension": [
          {
            "url": "http://hl7.org/fhir/tools/StructureDefinition/resource-information",
            "valueString": "QuestionnaireResponse"
          },
          {
            "url": "http://hl7.org/fhir/StructureDefinition/implementationguide-page",
            "valueUri": "QuestionnaireResponse-Connectathon-QuestResponse-CS-NursingFacility-PHQ9.html"
          }
        ],
        "reference": {
          "reference": "QuestionnaireResponse/Connectathon-QuestResponse-CS-NursingFacility-PHQ9"
        },
        "name": "Connectathon-QuestResponse-CS-NursingFacility-PHQ9",
        "exampleCanonical": "http://pacioproject.org/StructureDefinition/pacio-cognition-qr"
      },
      {
        "extension": [
          {
            "url": "http://hl7.org/fhir/tools/StructureDefinition/resource-information",
            "valueString": "PractitionerRole"
          },
          {
            "url": "http://hl7.org/fhir/StructureDefinition/implementationguide-page",
            "valueUri": "PractitionerRole-Connectathon-Role-PT.html"
          }
        ],
        "reference": {
          "reference": "PractitionerRole/Connectathon-Role-PT"
        },
        "name": "Connectathon-Role-PT",
        "exampleBoolean": true
      },
      {
        "extension": [
          {
            "url": "http://hl7.org/fhir/tools/StructureDefinition/resource-information",
            "valueString": "PractitionerRole"
          },
          {
            "url": "http://hl7.org/fhir/StructureDefinition/implementationguide-page",
            "valueUri": "PractitionerRole-Connectathon-Role-RN.html"
          }
        ],
        "reference": {
          "reference": "PractitionerRole/Connectathon-Role-RN"
        },
        "name": "Connectathon-Role-RN",
        "exampleBoolean": true
      },
      {
        "extension": [
          {
            "url": "http://hl7.org/fhir/tools/StructureDefinition/resource-information",
            "valueString": "Patient"
          },
          {
            "url": "http://hl7.org/fhir/StructureDefinition/implementationguide-page",
            "valueUri": "Patient-patientBSJ1.html"
          }
        ],
        "reference": {
          "reference": "Patient/patientBSJ1"
        },
        "name": "patientBSJ1",
        "exampleBoolean": true
      },
      {
        "extension": [
          {
            "url": "http://hl7.org/fhir/tools/StructureDefinition/resource-information",
            "valueString": "CapabilityStatement"
          },
          {
            "url": "http://hl7.org/fhir/StructureDefinition/implementationguide-page",
            "valueUri": "CapabilityStatement-pacio-cs.html"
          }
        ],
        "reference": {
          "reference": "CapabilityStatement/pacio-cs"
        },
        "name": "PACIO Cognitive Status Capability Statement",
        "description": "This Capability Statement defines the expected capabilities of a PACIO Cognitive Status FHIR server conforming to the PACIO Cognitive Status Implementation Guide.",
        "exampleBoolean": false
      }
    ],
    "page": {
      "nameUrl": "toc.html",
      "title": "Table of Contents",
      "generation": "html",
      "page": [
        {
          "nameUrl": "index.html",
          "title": "Home",
          "generation": "markdown"
        }
      ]
    },
    "parameter": [
      {
        "code": "path-resource",
        "value": "input/capabilities"
      },
      {
        "code": "path-resource",
        "value": "input/examples"
      },
      {
        "code": "path-resource",
        "value": "input/extensions"
      },
      {
        "code": "path-resource",
        "value": "input/models"
      },
      {
        "code": "path-resource",
        "value": "input/operations"
      },
      {
        "code": "path-resource",
        "value": "input/profiles"
      },
      {
        "code": "path-resource",
        "value": "input/resources"
      },
      {
        "code": "path-resource",
        "value": "input/vocabulary"
      },
      {
        "code": "path-resource",
        "value": "input/maps"
      },
      {
        "code": "path-resource",
        "value": "input/testing"
      },
      {
        "code": "path-pages",
        "value": "template/config"
      },
      {
        "code": "path-pages",
        "value": "input/images"
      },
      {
        "code": "path-tx-cache",
        "value": "input-cache/txcache"
      }
    ]
  }
}