{
  "resourceType": "Location",
  "id": "CMS-Location-SNF",
  "text": {
    "status": "generated",
    "div": "<div xmlns=\"http://www.w3.org/1999/xhtml\"><p><b>Generated Narrative with Details</b></p><p><b>id</b>: CMS-Location-SNF</p><p><b>status</b>: active</p><p><b>name</b>: Burgers Skilled Nursing</p><p><b>description</b>: Burgers Skilled Nursing Facility, South Wing, second floor</p><p><b>type</b>: Wing <span style=\"background: LightGoldenRodYellow\">(Details : {http://terminology.hl7.org/CodeSystem/location-physical-type code 'WI' = 'WI', given as 'Wing'})</span></p></div>"
  },
  "status": "active",
  "name": "Burgers Skilled Nursing",
  "description": "Burgers Skilled Nursing Facility, South Wing, second floor",
  "type": [
    {
      "coding": [
        {
          "system": "http://terminology.hl7.org/CodeSystem/location-physical-type",
          "code": "WI",
          "display": "Wing"
        }
      ]
    }
  ]
}