{
  "resourceType": "Observation",
  "id": "Assessment-Hospital-MOCA",
  "meta": {
    "profile": [
      "http://pacioproject.org/StructureDefinition/pacio-bcs"
    ]
  },
  "text": {
    "status": "generated",
    "div": "<div xmlns=\"http://www.w3.org/1999/xhtml\"><p><b>Generated Narrative</b></p><p><b>id</b>: Assessment-Hospital-MOCA</p><p><b>meta</b>: </p><p></p><p><b>category</b>: <span title=\"Codes: {http://terminology.hl7.org/CodeSystem/observation-category survey}\">Survey</span></p><p><b>code</b>: <span title=\"Codes: {http://loinc.org 72133-2}\">Montreal Cognitive Assessment [MoCA]</span></p><p><b>subject</b>: <a href=\"Patient-patientBSJ1.html\">Generated Summary: id: patientBSJ1; Betsy Smith-Johnson </a></p><p><b>effective</b>: Apr 5, 2020 9:00:00 PM</p><p><b>performer</b>: </p><ul><li><a href=\"Practitioner-Practitioner-JennyGlass.html\">Generated Summary: id: Practitioner-JennyGlass; active; Jenny Glass ; gender: female</a></li><li><a href=\"PractitionerRole-Role-RN.html\">Generated Summary: id: Role-RN; active; <span title=\"Codes: {http://snomed.info/sct 224535009}\">Registered Nurse</span></a></li><li><a href=\"Organization-Org-01.html\">Organization. Generated Summary: id: Org-01; name: San Antonio General Hospital</a></li></ul><p><b>hasMember</b>: <a href=\"Observation-Assessment-Hospital-MOCA-Ob-1.html\">Generated Summary: id: Assessment-Hospital-MOCA-Ob-1; <span title=\"Codes: {http://loinc.org 72172-0}\">Total score [MoCA]</span>; effective: Apr 5, 2020 9:00:00 PM; <span title=\"Codes: \">12</span></a></p><p><b>derivedFrom</b>: <a href=\"QuestionnaireResponse-QResponse-Hospital-MOCA.html\">Questionnaire Response. Generated Summary: id: QResponse-Hospital-MOCA; questionnaire: https://api.logicahealth.org/PACIO/open/Questionnaire/MDS3.0-NC-1.17; status: completed; authored: Apr 5, 2020 9:00:00 PM</a></p></div>"
  },
  "extension": [
    {
      "url": "http://hl7.org/fhir/StructureDefinition/event-location",
      "valueReference": {
        "reference": "Location/Org-Loc-01"
      }
    }
  ],
  "status": "final",
  "category": [
    {
      "coding": [
        {
          "system": "http://terminology.hl7.org/CodeSystem/observation-category",
          "code": "survey"
        }
      ]
    }
  ],
  "code": {
    "coding": [
      {
        "system": "http://loinc.org",
        "code": "72133-2",
        "display": "Montreal Cognitive Assessment [MoCA]"
      }
    ]
  },
  "subject": {
    "reference": "Patient/patientBSJ1"
  },
  "effectiveDateTime": "2020-04-05T16:00:00-05:00",
  "performer": [
    {
      "reference": "Practitioner/Practitioner-JennyGlass"
    },
    {
      "reference": "PractitionerRole/Role-RN"
    },
    {
      "reference": "Organization/Org-01",
      "display": "Organization"
    }
  ],
  "hasMember": [
    {
      "reference": "Observation/Assessment-Hospital-MOCA-Ob-1"
    }
  ],
  "derivedFrom": [
    {
      "reference": "QuestionnaireResponse/QResponse-Hospital-MOCA",
      "display": "Questionnaire Response"
    }
  ]
}