{
  "resourceType": "Observation",
  "id": "BSJ-Prior-Level-Of-Cognitive-Function-1",
  "meta": {
    "profile": [
      "http://paciowg.github.io/cognitive-status-ig/StructureDefinition/pacio-plcf"
    ]
  },
  "text": {
    "status": "extensions",
    "div": "<div xmlns=\"http://www.w3.org/1999/xhtml\"><p><b>Generated Narrative</b></p><p><b>AssistanceRequired</b>: <span title=\"Codes: \">Independent</span></p><p><b>Event Location</b>: <a href=\"Location-provider-org-loc-01.html\">Generated Summary: status: active; name: Primary Care</a></p><p></p><p><b>code</b>: <span title=\"Codes: {http://loinc.org 11332-4}\">History of Cognitive Function Narrative</span></p><p><b>subject</b>: <a href=\"Patient-patientBSJ1.html\">Generated Summary: Betsy Smith-Johnson </a></p><p><b>effective</b>: 2019-07-01 --&gt; 2019-11-30</p><p><b>performer</b>: </p><ul><li><a href=\"Practitioner-Practitioner-JohnSmith.html\">Generated Summary: active; Primary Care Physician; gender: male</a></li><li><a href=\"PractitionerRole-provider-role-pcp.html\">Generated Summary: active; <span title=\"Codes: {http://nucc.org/provider-taxonomy 261QP2300X}\">Primary Care</span></a></li><li><a href=\"Organization-provider-org-01.html\">Organization. Generated Summary: name: Primary Care</a></li></ul><p><b>value</b>: Alert and oriented x 3. She is independent in household finances, social and community activities, coeherent and appropriate communication. Appropriate attire for location and weather.</p></div>"
  },
  "extension": [
    {
      "url": "http://paciowg.github.io/cognitive-status-ig/StructureDefinition/assistance-required",
      "valueCodeableConcept": {
        "text": "Independent"
      }
    },
    {
      "url": "http://hl7.org/fhir/StructureDefinition/event-location",
      "valueReference": {
        "reference": "Location/provider-org-loc-01"
      }
    }
  ],
  "status": "final",
  "code": {
    "coding": [
      {
        "system": "http://loinc.org",
        "code": "11332-4",
        "display": "History of Cognitive Function Narrative"
      }
    ]
  },
  "subject": {
    "reference": "Patient/patientBSJ1"
  },
  "effectivePeriod": {
    "start": "2019-07-01",
    "end": "2019-11-30"
  },
  "performer": [
    {
      "reference": "Practitioner/Practitioner-JohnSmith"
    },
    {
      "reference": "PractitionerRole/provider-role-pcp"
    },
    {
      "reference": "Organization/provider-org-01",
      "display": "Organization"
    }
  ],
  "valueString": "Alert and oriented x 3. She is independent in household finances, social and community activities, coeherent and appropriate communication. Appropriate attire for location and weather."
}