<?xml version="1.0" encoding="UTF-8"?>

<Observation xmlns="http://hl7.org/fhir">
  <id value="BSJ-Prior-Level-Of-Cognitive-Function-1"/>
  <meta>
    <profile value="http://paciowg.github.io/cognitive-status-ig/StructureDefinition/pacio-plcf"/>
  </meta>
  <text>
    <status value="additional"/><div xmlns="http://www.w3.org/1999/xhtml">Alert and oriented x 3. She is independent in household finances, social and community activities, coeherent and appropriate communication. Appropriate attire for location and weather.</div>
  </text>
  <extension url="http://paciowg.github.io/cognitive-status-ig/StructureDefinition/assistance-required">
    <valueCodeableConcept>
      <text value="Independent"/>
    </valueCodeableConcept>
  </extension>
  <extension url="http://hl7.org/fhir/StructureDefinition/event-location">
    <valueReference>
      <reference value="Location/provider-org-loc-01"/>
    </valueReference>
  </extension>
  <status value="final"/>
  <code>
    <coding>
      <system value="http://loinc.org"/>
      <code value="11332-4"/>
      <display value="History of Cognitive Function Narrative"/>
    </coding>
  </code>
  <subject>
    <reference value="Patient/patientBSJ1"/>
  </subject>
  <effectivePeriod>
    <start value="2019-07-01"/>
    <end value="2019-11-30"/>
  </effectivePeriod>
  <performer>
    <reference value="Practitioner/Practitioner-JohnSmith"/>
  </performer>
  <performer>
    <reference value="PractitionerRole/provider-role-pcp"/>
  </performer>
  <performer>
    <reference value="Organization/provider-org-01"/>
    <display value="Organization"/>
  </performer>
  <dataAbsentReason>
    <coding>
      <system value="http://terminology.hl7.org/CodeSystem/data-absent-reason"/>
      <code value="not-applicable"/>
    </coding>
  </dataAbsentReason>
</Observation>