{
  "resourceType": "Observation",
  "id": "CSC-SNF-PHQ9-1-Ob-Question-22",
  "meta": {
    "profile": [
      "http://paciowg.github.io/cognitive-status-ig/StructureDefinition/pacio-cs"
    ]
  },
  "text": {
    "status": "extensions",
    "div": "<div xmlns=\"http://www.w3.org/1999/xhtml\"><p><b>Generated Narrative</b></p><p><b>Event Location</b>: <a href=\"Location-Org-Loc-03.html\">Generated Summary: status: active; name: Sky Harbor Home Health Services</a></p><p></p><p><b>code</b>: <span title=\"Codes: {http://loinc.org 54650-7}\">Moving or speaking so slowly that other people could have noticed. Or the opposite - being so fidgety or restless that you have been moving around a lot more than usual in last 2 weeks.presence [Reported PHQ-9 CMS]</span></p><p><b>subject</b>: <a href=\"Patient-patientBSJ1.html\">Generated Summary: Betsy Smith-Johnson </a></p><p><b>effective</b>: Jul 11, 2020, 9:30:00 AM</p><p><b>performer</b>: </p><ul><li><a href=\"Practitioner-Practitioner-LunaBaskins.html\">Generated Summary: active; Luna Baskins ; gender: female</a></li><li><a href=\"PractitionerRole-Role-SLP.html\">Generated Summary: active; <span title=\"Codes: {http://snomed.info/sct 159026005}\">Speech and language therapist</span></a></li><li><a href=\"Organization-Org-03.html\">Organization. Generated Summary: name: Sky Harbor Home Health Services</a></li></ul><p><b>value</b>: <span title=\"Codes: {http://loinc.org LA32-8}\">No</span></p><p><b>derivedFrom</b>: <a href=\"QuestionnaireResponse-QResponse-SNF-PHQ9-1.html\">Generated Summary: questionnaire: https://api.logicahealth.org/PACIO/open/Questionnaire/MDS3.0-NC-1.17; status: completed; authored: Jul 11, 2020, 9:30:00 AM</a></p></div>"
  },
  "extension": [
    {
      "url": "http://hl7.org/fhir/StructureDefinition/event-location",
      "valueReference": {
        "reference": "Location/Org-Loc-03"
      }
    }
  ],
  "status": "final",
  "code": {
    "coding": [
      {
        "system": "http://loinc.org",
        "code": "54650-7",
        "display": "Moving or speaking so slowly that other people could have noticed. Or the opposite - being so fidgety or restless that you have been moving around a lot more than usual in last 2 weeks.presence [Reported PHQ-9 CMS]"
      }
    ],
    "text": "Moving or speaking so slowly that other people could have noticed. Or the opposite - being so fidgety or restless that you have been moving around a lot more than usual in last 2 weeks.presence [Reported PHQ-9 CMS]"
  },
  "subject": {
    "reference": "Patient/patientBSJ1"
  },
  "effectiveDateTime": "2020-07-11T11:30:00-05:00",
  "performer": [
    {
      "reference": "Practitioner/Practitioner-LunaBaskins"
    },
    {
      "reference": "PractitionerRole/Role-SLP"
    },
    {
      "reference": "Organization/Org-03",
      "display": "Organization"
    }
  ],
  "valueCodeableConcept": {
    "coding": [
      {
        "system": "http://loinc.org",
        "code": "LA32-8",
        "display": "No"
      }
    ],
    "text": "No"
  },
  "derivedFrom": [
    {
      "reference": "QuestionnaireResponse/QResponse-SNF-PHQ9-1"
    }
  ]
}