{
  "resourceType": "Observation",
  "id": "BCS-SNF-CAM-Admission-1-Ob-Question-3",
  "meta": {
    "profile": [
      "http://paciowg.github.io/cognitive-status-ig/StructureDefinition/pacio-cs"
    ]
  },
  "text": {
    "status": "extensions",
    "div": "<div xmlns=\"http://www.w3.org/1999/xhtml\"><p><b>Generated Narrative</b></p><p><b>Event Location</b>: <a href=\"Location-Org-Loc-02.html\">Generated Summary: status: active; name: Happy Nursing Facility</a></p><p></p><p><b>code</b>: <span title=\"Codes: {http://loinc.org 54628-3}\">Inattention - Did the resident have difficulty focusing attention, for example, being easily distractible or having difficulty keeping track of what was being said?</span></p><p><b>subject</b>: <a href=\"Patient-patientBSJ1.html\">Generated Summary: Betsy Smith-Johnson </a></p><p><b>effective</b>: Apr 9, 2020, 4:00:00 PM</p><p><b>performer</b>: </p><ul><li><a href=\"Practitioner-Practitioner-HoneyJones.html\">Generated Summary: active; Honey Jones ; gender: female</a></li><li><a href=\"PractitionerRole-Role-RN.html\">Generated Summary: active; <span title=\"Codes: {http://snomed.info/sct 224535009}\">Registered Nurse</span></a></li><li><a href=\"Organization-Org-02.html\">Organization. Generated Summary: name: Happy Nursing Facility</a></li></ul><p><b>value</b>: <span title=\"Codes: {http://loinc.org LA61-7}\">Behavior not present</span></p><p><b>derivedFrom</b>: <a href=\"QuestionnaireResponse-QResponse-SNF-CAM-Admission-1.html\">Generated Summary: status: completed; authored: Apr 9, 2020, 4:00:00 PM</a></p></div>"
  },
  "extension": [
    {
      "url": "http://hl7.org/fhir/StructureDefinition/event-location",
      "valueReference": {
        "reference": "Location/Org-Loc-02"
      }
    }
  ],
  "status": "final",
  "code": {
    "coding": [
      {
        "system": "http://loinc.org",
        "code": "54628-3",
        "display": "Inattention in last 7 days [CAM.CMS]"
      }
    ],
    "text": "Inattention - Did the resident have difficulty focusing attention, for example, being easily distractible or having difficulty keeping track of what was being said?"
  },
  "subject": {
    "reference": "Patient/patientBSJ1"
  },
  "effectiveDateTime": "2020-04-09T18:00:00-05:00",
  "performer": [
    {
      "reference": "Practitioner/Practitioner-HoneyJones"
    },
    {
      "reference": "PractitionerRole/Role-RN"
    },
    {
      "reference": "Organization/Org-02",
      "display": "Organization"
    }
  ],
  "valueCodeableConcept": {
    "coding": [
      {
        "system": "http://loinc.org",
        "code": "LA61-7",
        "display": "Behavior not present"
      }
    ],
    "text": "Behavior not present"
  },
  "derivedFrom": [
    {
      "reference": "QuestionnaireResponse/QResponse-SNF-CAM-Admission-1"
    }
  ]
}