<?xml version="1.0" encoding="UTF-8"?>

<Observation xmlns="http://hl7.org/fhir">
  <id value="CSC-Hospital-MMSE-2"/>
  <meta>
    <profile value="http://paciowg.github.io/cognitive-status-ig/StructureDefinition/pacio-csc"/>
  </meta>
  <text>
    <status value="extensions"/><div xmlns="http://www.w3.org/1999/xhtml"><p><b>Generated Narrative</b></p><p><b>Event Location</b>: <a href="Location-Org-Loc-01.html">Generated Summary: status: active; name: San Antonio General Hospital</a></p><p></p><p><b>category</b>: <span title="Codes: {http://terminology.hl7.org/CodeSystem/observation-category survey}">Survey</span></p><p><b>code</b>: <span title="Codes: {http://loinc.org 72107-6}">Mini-Mental State Examination [MMSE]</span></p><p><b>subject</b>: <a href="Patient-patientBSJ1.html">Generated Summary: Betsy Smith-Johnson</a></p><p><b>effective</b>: Jul 10, 2020, 10:16:00 AM</p><p><b>performer</b>: <a href="PractitionerRole-Role-SLP-JennyGlass.html">Generated Summary: active; <span title="Codes: {http://snomed.info/sct 159026005}">Speech and language therapist</span></a></p><p><b>hasMember</b>: <a href="Observation-CSC-Hospital-MMSE-2-Ob-Question-32.html">Generated Summary: <span title="Codes: {http://loinc.org 72106-8}">Total score [MMSE]</span>; effective: Jul 10, 2020, 10:16:00 AM; 24 {score}</a></p><p><b>derivedFrom</b>: <a href="QuestionnaireResponse-QResponse-Hospital-MMSE-2.html">Questionnaire Response. Generated Summary: questionnaire: https://api.logicahealth.org/PACIO/open/Questionnaire/MDS3.0-NC-1.17; status: completed; authored: Jul 10, 2020, 10:16:00 AM</a></p></div>
  </text>
  <extension url="http://hl7.org/fhir/StructureDefinition/event-location">
    <valueReference>
      <reference value="Location/Org-Loc-01"/>
    </valueReference>
  </extension>
  <status value="final"/>
  <category>
    <coding>
      <system value="http://terminology.hl7.org/CodeSystem/observation-category"/>
      <code value="survey"/>
    </coding>
  </category>
  <code>
    <coding>
      <system value="http://loinc.org"/>
      <code value="72107-6"/>
      <display value="Mini-Mental State Examination [MMSE]"/>
    </coding>
  </code>
  <subject>
    <reference value="Patient/patientBSJ1"/>
  </subject>
  <effectiveDateTime value="2020-07-10T12:16:00-05:00"/>
  <performer>
    <reference value="PractitionerRole/Role-SLP-JennyGlass"/>
  </performer>
  <hasMember>
    <reference value="Observation/CSC-Hospital-MMSE-2-Ob-Question-32"/>
  </hasMember>
  <derivedFrom>
    <reference value="QuestionnaireResponse/QResponse-Hospital-MMSE-2"/>
    <display value="Questionnaire Response"/>
  </derivedFrom>
</Observation>