<?xml version="1.0" encoding="UTF-8"?>

<Observation xmlns="http://hl7.org/fhir">
  <id value="Connectathon-Assessment-CS-6-HHDischargePerf-Ob-5"/>
  <meta>
    <profile value="http://pacioproject.org/StructureDefinition/pacio-cs"/>
  </meta>
  <text>
    <status value="generated"/><div xmlns="http://www.w3.org/1999/xhtml"><p><b>Generated Narrative with Details</b></p><p><b>id</b>: Connectathon-Assessment-CS-6-HHDischargePerf-Ob-5</p><p><b>meta</b>: </p><p><b>status</b>: final</p><p><b>code</b>: Acute Onset Mental Status Change. Is there evidence of an acute change in mental status from the resident's baseline? <span style="background: LightGoldenRodYellow">(Details : {LOINC code '54632-5' = 'Acute onset mental status change [CMS Assessment]', given as 'Is there evidence of an acute change in mental status from the patients baseline?'})</span></p><p><b>subject</b>: <a href="Patient-patientBSJ1.html">Generated Summary: id: patientBSJ1; Betsy Smith-Johnson </a></p><p><b>effective</b>: May 1, 2020 7:00:00 PM</p><p><b>performer</b>: </p><ul><li><a href="Practitioner-Connectathon-Practitioner-ScottDumble.html">Generated Summary: id: Connectathon-Practitioner-ScottDumble; active; Scott Dumble ; gender: male</a></li><li><a href="PractitionerRole-Connectathon-Role-RN.html">Generated Summary: id: Connectathon-Role-RN; active; <span title="Codes: {http://snomed.info/sct 224535009}">Registered Nurse</span></a></li><li><a href="Organization-Connectathon-Org-03.html">Organization. Generated Summary: id: Connectathon-Org-03; name: Sky Harbor Home Health Services</a></li></ul><p><b>value</b>: Yes <span style="background: LightGoldenRodYellow">(Details : {LOINC code 'LA33-6' = 'Yes', given as 'Yes'})</span></p><p><b>derivedFrom</b>: <a href="QuestionnaireResponse-Connectathon-QuestResponse-CS-6-HHDischargePerf.html">Generated Summary: id: Connectathon-QuestResponse-CS-6-HHDischargePerf; questionnaire: https://api.logicahealth.org/PACIO/open/Questionnaire/MDS3.0-NC-1.17; status: completed; authored: May 1, 2020 7:00:00 PM</a></p></div>
  </text>
  <extension url="http://hl7.org/fhir/StructureDefinition/event-location">
    <valueReference>
      <reference value="Location/Connectathon-Org-Loc-03"/>
    </valueReference>
  </extension>
  <status value="final"/>
  <code>
    <coding>
      <system value="http://loinc.org"/>
      <code value="54632-5"/>
      <display value="Is there evidence of an acute change in mental status from the patients baseline?"/>
    </coding>
    <text value="Acute Onset Mental Status Change. Is there evidence of an acute change in mental status from the resident&#39;s baseline?"/>
  </code>
  <subject>
    <reference value="Patient/patientBSJ1"/>
  </subject>
  <effectiveDateTime value="2020-05-01T14:00:00-05:00"/>
  <performer>
    <reference value="Practitioner/Connectathon-Practitioner-ScottDumble"/>
  </performer>
  <performer>
    <reference value="PractitionerRole/Connectathon-Role-RN"/>
  </performer>
  <performer>
    <reference value="Organization/Connectathon-Org-03"/>
    <display value="Organization"/>
  </performer>
  <valueCodeableConcept>
    <coding>
      <system value="http://loinc.org"/>
      <code value="LA33-6"/>
      <display value="Yes"/>
    </coding>
    <text value="Yes"/>
  </valueCodeableConcept>
  <derivedFrom>
    <reference value="QuestionnaireResponse/Connectathon-QuestResponse-CS-6-HHDischargePerf"/>
  </derivedFrom>
</Observation>