{
  "resourceType": "Observation",
  "id": "Assessment-HH-Discharge-CS-Ob-10",
  "meta": {
    "profile": [
      "http://pacioproject.org/StructureDefinition/pacio-cs"
    ]
  },
  "text": {
    "status": "generated",
    "div": "<div xmlns=\"http://www.w3.org/1999/xhtml\"><p><b>Generated Narrative</b></p><p><b>id</b>: Assessment-HH-Discharge-CS-Ob-10</p><p><b>meta</b>: </p><p></p><p><b>code</b>: <span title=\"Codes: {http://loinc.org 54628-3}\">Inattention - Did the resident have difficulty focusing attention, for example, being easily distractible or having difficulty keeping track of what was being said?</span></p><p><b>subject</b>: <a href=\"Patient-patientBSJ1.html\">Generated Summary: id: patientBSJ1; Betsy Smith-Johnson </a></p><p><b>effective</b>: May 1, 2020 7:00:00 PM</p><p><b>performer</b>: </p><ul><li><a href=\"Practitioner-Connectathon-Practitioner-ScottDumble.html\">Generated Summary: id: Connectathon-Practitioner-ScottDumble; active; Scott Dumble ; gender: male</a></li><li><a href=\"PractitionerRole-Connectathon-Role-RN.html\">Generated Summary: id: Connectathon-Role-RN; active; <span title=\"Codes: {http://snomed.info/sct 224535009}\">Registered Nurse</span></a></li><li><a href=\"Organization-Connectathon-Org-03.html\">Organization. Generated Summary: id: Connectathon-Org-03; name: Sky Harbor Home Health Services</a></li></ul><p><b>value</b>: <span title=\"Codes: {http://loinc.org LA10993-6}\">Behavior present, fluctuates (comes and goes, changes in severity)</span></p><p><b>derivedFrom</b>: <a href=\"QuestionnaireResponse-QResponse-HH-Discharge-CS.html\">Generated Summary: id: QResponse-HH-Discharge-CS; questionnaire: https://api.logicahealth.org/PACIO/open/Questionnaire/MDS3.0-NC-1.17; status: completed; authored: May 1, 2020 7:00:00 PM</a></p></div>"
  },
  "extension": [
    {
      "url": "http://hl7.org/fhir/StructureDefinition/event-location",
      "valueReference": {
        "reference": "Location/Connectathon-Org-Loc-03"
      }
    }
  ],
  "status": "final",
  "code": {
    "coding": [
      {
        "system": "http://loinc.org",
        "code": "54628-3",
        "display": "Did the patient have difficulty focusing attention, for example being easily distractible, or having difficulty keeping track of what was being said?"
      }
    ],
    "text": "Inattention - Did the resident have difficulty focusing attention, for example, being easily distractible or having difficulty keeping track of what was being said?"
  },
  "subject": {
    "reference": "Patient/patientBSJ1"
  },
  "effectiveDateTime": "2020-05-01T14:00:00-05:00",
  "performer": [
    {
      "reference": "Practitioner/Connectathon-Practitioner-ScottDumble"
    },
    {
      "reference": "PractitionerRole/Connectathon-Role-RN"
    },
    {
      "reference": "Organization/Connectathon-Org-03",
      "display": "Organization"
    }
  ],
  "valueCodeableConcept": {
    "coding": [
      {
        "system": "http://loinc.org",
        "code": "LA10993-6",
        "display": "Behavior present, fluctuates (comes and goes, changes in severity)"
      }
    ],
    "text": "Behavior present, fluctuates (comes and goes, changes in severity)"
  },
  "derivedFrom": [
    {
      "reference": "QuestionnaireResponse/QResponse-HH-Discharge-CS"
    }
  ]
}