<?xml version="1.0" encoding="UTF-8"?>

<Observation xmlns="http://hl7.org/fhir">
  <id value="BetsySmith-Within3DSNFAdmission-CAM04-AlteredConsciousness"/>
  <meta>
    <profile value="http://pacioproject.org/StructureDefinition/pacio-cs"/>
  </meta>
  <text>
    <status value="generated"/><div xmlns="http://www.w3.org/1999/xhtml"><p><b>Generated Narrative with Details</b></p><p><b>id</b>: BetsySmith-Within3DSNFAdmission-CAM04-AlteredConsciousness</p><p><b>meta</b>: </p><p><b>status</b>: final</p><p><b>code</b>: Altered level of consciousness in last 7 days <span style="background: LightGoldenRodYellow">(Details : {LOINC code '54630-9' = 'Altered level of consciousness in last 7 days [CMS Assessment]', given as 'Altered level of consciousness in last 7 days'})</span></p><p><b>subject</b>: <a href="Patient-BetsySmith.html">Generated Summary: id: BetsySmith; Betsy Smith ; gender: female; birthDate: 1959-06-14</a></p><p><b>effective</b>: Mar 25, 2019 7:30:00 PM</p><p><b>performer</b>: </p><ul><li><a href="Practitioner-CMS-Practitioner-01.html">Dr. Ed Johnson, MD. Generated Summary: id: CMS-Practitioner-01; active; Ed Johnson ; gender: male</a></li><li><a href="Organization-CMS-Organization-01.html">Organization. Generated Summary: id: CMS-Organization-01; name: Burgers Skilled Nursing Facility</a></li></ul><p><b>value</b>: Behavior not present <span style="background: LightGoldenRodYellow">(Details : {LOINC code 'LA61-7' = 'Behavior not present', given as 'Behavior not present'})</span></p><p><b>derivedFrom</b>: <a href="QuestionnaireResponse-BetsySmith-Within3DSNFAdmission-CAM-Response.html">QuestionnaireResponse. Generated Summary: id: BetsySmith-Within3DSNFAdmission-CAM-Response; questionnaire: https://api.logicahealth.org/PACIO/open/Questionnaire/MDS3.0-NC-1.17; status: completed; authored: Mar 25, 2019 7:30:00 PM</a></p></div>
  </text>
  <extension url="http://hl7.org/fhir/StructureDefinition/event-location">
    <valueReference>
      <reference value="Location/CMS-Location-SNF"/>
    </valueReference>
  </extension>
  <status value="final"/>
  <code>
    <coding>
      <system value="http://loinc.org"/>
      <code value="54630-9"/>
      <display value="Altered level of consciousness in last 7 days"/>
    </coding>
  </code>
  <subject>
    <reference value="Patient/BetsySmith"/>
  </subject>
  <effectiveDateTime value="2019-03-25T14:30:00-05:00"/>
  <performer>
    <reference value="Practitioner/CMS-Practitioner-01"/>
    <display value="Dr. Ed Johnson, MD"/>
  </performer>
  <performer>
    <reference value="Organization/CMS-Organization-01"/>
    <display value="Organization"/>
  </performer>
  <valueCodeableConcept>
    <coding>
      <system value="http://loinc.org"/>
      <code value="LA61-7"/>
      <display value="Behavior not present"/>
    </coding>
  </valueCodeableConcept>
  <derivedFrom>
    <reference value="QuestionnaireResponse/BetsySmith-Within3DSNFAdmission-CAM-Response"/>
    <display value="QuestionnaireResponse"/>
  </derivedFrom>
</Observation>