{
  "resourceType": "Observation",
  "id": "Assessment-Hospital-Admission-CS-Ob-6",
  "meta": {
    "profile": [
      "http://pacioproject.org/StructureDefinition/pacio-cs"
    ]
  },
  "text": {
    "status": "generated",
    "div": "<div xmlns=\"http://www.w3.org/1999/xhtml\"><p><b>Generated Narrative</b></p><p><b>id</b>: Assessment-Hospital-Admission-CS-Ob-6</p><p><b>meta</b>: </p><p></p><p><b>code</b>: <span title=\"Codes: {http://loinc.org 54628-3}\">Inattention - Did the resident have difficulty focusing attention, for example, being easily distractible or having difficulty keeping track of what was being said?</span></p><p><b>subject</b>: <a href=\"Patient-patientBSJ1.html\">Generated Summary: id: patientBSJ1; Betsy Smith-Johnson </a></p><p><b>effective</b>: Apr 5, 2020 3:00:00 PM</p><p><b>performer</b>: </p><ul><li><a href=\"Practitioner-Practitioner-RonBurgendy.html\">Generated Summary: id: Practitioner-RonBurgendy; active; Ron Burgendy ; gender: male</a></li><li><a href=\"PractitionerRole-Role-RN.html\">Generated Summary: id: Role-RN; active; <span title=\"Codes: {http://snomed.info/sct 224535009}\">Registered Nurse</span></a></li><li><a href=\"Organization-Org-01.html\">Organization. Generated Summary: id: Org-01; name: San Antonio General Hospital</a></li></ul><p><b>value</b>: <span title=\"Codes: {http://loinc.org LA10993-6}\">Behavior present, fluctuates (comes and goes, changes in severity)</span></p><p><b>derivedFrom</b>: <a href=\"QuestionnaireResponse-QResponse-Hospital-Admission-CS.html\">Generated Summary: id: QResponse-Hospital-Admission-CS; questionnaire: https://api.logicahealth.org/PACIO/open/Questionnaire/MDS3.0-NC-1.17; status: completed; authored: Apr 5, 2020 3:00:00 PM</a></p></div>"
  },
  "extension": [
    {
      "url": "http://hl7.org/fhir/StructureDefinition/event-location",
      "valueReference": {
        "reference": "Location/Org-Loc-01"
      }
    }
  ],
  "status": "final",
  "code": {
    "coding": [
      {
        "system": "http://loinc.org",
        "code": "54628-3",
        "display": "Did the patient have difficulty focusing attention, for example being easily distractible, or having difficulty keeping track of what was being said?"
      }
    ],
    "text": "Inattention - Did the resident have difficulty focusing attention, for example, being easily distractible or having difficulty keeping track of what was being said?"
  },
  "subject": {
    "reference": "Patient/patientBSJ1"
  },
  "effectiveDateTime": "2020-04-05T10:00:00-05:00",
  "performer": [
    {
      "reference": "Practitioner/Practitioner-RonBurgendy"
    },
    {
      "reference": "PractitionerRole/Role-RN"
    },
    {
      "reference": "Organization/Org-01",
      "display": "Organization"
    }
  ],
  "valueCodeableConcept": {
    "coding": [
      {
        "system": "http://loinc.org",
        "code": "LA10993-6",
        "display": "Behavior present, fluctuates (comes and goes, changes in severity)"
      }
    ],
    "text": "Behavior present, fluctuates (comes and goes, changes in severity)"
  },
  "derivedFrom": [
    {
      "reference": "QuestionnaireResponse/QResponse-Hospital-Admission-CS"
    }
  ]
}