<?xml version="1.0" encoding="UTF-8"?>

<Observation xmlns="http://hl7.org/fhir">
  <id value="Assessment-1-First3DSNFAdmission-Observation-9"/>
  <meta>
    <profile value="http://pacioproject.org/StructureDefinition/pacio-cs"/>
  </meta>
  <text>
    <status value="generated"/><div xmlns="http://www.w3.org/1999/xhtml"><p><b>Generated Narrative with Details</b></p><p><b>id</b>: Assessment-1-First3DSNFAdmission-Observation-9</p><p><b>meta</b>: </p><p><b>status</b>: final</p><p><b>code</b>: Disorganized Thinking - Was the resident's thinking disorganized or incoherent (rambling or irrelevant conversation, unclear or illogical flow of ideas, or unpredictable switching from subject to subject)? <span style="background: LightGoldenRodYellow">(Details : {LOINC code '54629-1' = 'Disorganized thinking in last 7 days [CMS Assessment]', given as 'Did the resident have altered level of consiousness as indicated by any of the following criteria: (1) Vigilant - startles easily to any sound or touch, (2) Lethargic - repeatedly dozed off when being asked questions, but responded to voice or touch, (3) Stuporous - very difficult to arouse and keep aroused for the interview, (4) Comatose - could not be aroused'})</span></p><p><b>subject</b>: <a href="Patient-BetsySmith.html">Generated Summary: id: BetsySmith; Betsy Smith ; gender: female; birthDate: 1959-06-14</a></p><p><b>effective</b>: Apr 9, 2020 11:00:00 PM</p><p><b>performer</b>: </p><ul><li><a href="Practitioner-HoneyJones.html">Generated Summary: id: HoneyJones; active; Honey Jones ; gender: female</a></li><li><a href="Organization-HappyNursingFacility.html">Organization. Generated Summary: id: HappyNursingFacility; name: Happy Nursing Facility</a></li></ul><p><b>value</b>: Behavior not present <span style="background: LightGoldenRodYellow">(Details : {LOINC code 'LA61-7' = 'Behavior not present)</span></p><p><b>derivedFrom</b>: <a href="QuestionnaireResponse-QuestionnaireResponse-1-First3DSNFAdmission.html">Generated Summary: id: QuestionnaireResponse-1-First3DSNFAdmission; questionnaire: Q-MDS3-NC-1.17; status: completed; authored: Apr 9, 2020 11:00:00 PM</a></p></div>
  </text>
  <extension url="http://hl7.org/fhir/StructureDefinition/event-location">
    <valueReference>
      <reference value="Location/HappyNursingFacility-Loc"/>
    </valueReference>
  </extension>
  <status value="final"/>
  <code>
    <coding>
      <system value="http://loinc.org"/>
      <code value="54629-1"/>
      <display value="Did the resident have altered level of consiousness as indicated by any of the following criteria: (1) Vigilant - startles easily to any sound or touch, (2) Lethargic - repeatedly dozed off when being asked questions, but responded to voice or touch, (3) Stuporous - very difficult to arouse and keep aroused for the interview, (4) Comatose - could not be aroused"/>
    </coding>
    <text value="Disorganized Thinking - Was the resident&#39;s thinking disorganized or incoherent (rambling or irrelevant conversation, unclear or illogical flow of ideas, or unpredictable switching from subject to subject)?"/>
  </code>
  <subject>
    <reference value="Patient/BetsySmith"/>
  </subject>
  <effectiveDateTime value="2020-04-09T18:00:00-05:00"/>
  <performer>
    <reference value="Practitioner/HoneyJones"/>
  </performer>
  <performer>
    <reference value="Organization/HappyNursingFacility"/>
    <display value="Organization"/>
  </performer>
  <valueCodeableConcept>
    <coding>
      <system value="http://loinc.org"/>
      <code value="LA61-7"/>
    </coding>
    <text value="Behavior not present"/>
  </valueCodeableConcept>
  <derivedFrom>
    <reference value="QuestionnaireResponse/QuestionnaireResponse-1-First3DSNFAdmission"/>
  </derivedFrom>
</Observation>