<?xml version="1.0" encoding="UTF-8"?>

<Practitioner xmlns="http://hl7.org/fhir">
  <id value="CMS-Practitioner-01"/>
  <text>
    <status value="generated"/><div xmlns="http://www.w3.org/1999/xhtml"><p><b>Generated Narrative with Details</b></p><p><b>id</b>: CMS-Practitioner-01</p><p><b>active</b>: true</p><p><b>name</b>: Ed Johnson </p><p><b>gender</b>: male</p></div>
  </text>
  <active value="true"/>
  <name>
    <family value="Johnson"/>
    <given value="Ed"/>
  </name>
  <gender value="male"/>
</Practitioner>