<?xml version="1.0" encoding="UTF-8"?>

<Practitioner xmlns="http://hl7.org/fhir">
  <id value="Practitioner-JohnSmith"/>
  <text>
    <status value="generated"/><div xmlns="http://www.w3.org/1999/xhtml"><p><b>Generated Narrative</b></p><p><b>active</b>: true</p><p><b>name</b>: Primary Care Physician</p><p><b>gender</b>: male</p></div>
  </text>
  <active value="true"/>
  <name>
    <text value="Primary Care Physician"/>
    <family value="Smith"/>
    <given value="John"/>
  </name>
  <gender value="male"/>
</Practitioner>