{"resourceType":"ImplementationGuide","id":"pacio-cs","text":{"status":"generated","div":"<div xmlns=\"http://www.w3.org/1999/xhtml\"><h2>PACIOCognitiveStatusImplementationGuide</h2><p>The official URL for this implementation guide is: </p><pre>http://pacioproject.org/ImplementationGuide/pacio-cs</pre><div><p>PACIO Cognitive Status Implementation Guide generated with the FHIR Shorthand tool</p>\n</div></div>"},"url":"http://pacioproject.org/ImplementationGuide/pacio-cs","version":"0.1.0","name":"PACIOCognitiveStatusImplementationGuide","title":"PACIO Cognitive Status Implementation Guide","status":"active","date":"2020-03-20T22:27:06+00:00","publisher":"MITRE Dev Team","contact":[{"name":"Caleb Wan","telecom":[{"system":"email","value":"calebwan@mitre.org"}]}],"description":"PACIO Cognitive Status Implementation Guide generated with the FHIR Shorthand tool","packageId":"pacio-cs","license":"Apache-2.0","fhirVersion":["4.0.1"],"dependsOn":[{"uri":"http://hl7.org/fhir/us/core/ImplementationGuide/hl7.fhir.us.core","packageId":"hl7.fhir.us.core","version":"3.1.0"}],"definition":{"extension":[{"extension":[{"url":"code","valueString":"copyrightyear"},{"url":"value","valueString":"2020+"}],"url":"http://hl7.org/fhir/tools/StructureDefinition/ig-parameter"},{"extension":[{"url":"code","valueString":"releaselabel"},{"url":"value","valueString":"CI Build"}],"url":"http://hl7.org/fhir/tools/StructureDefinition/ig-parameter"},{"extension":[{"url":"code","valueString":"show-inherited-invariants"},{"url":"value","valueString":"false"}],"url":"http://hl7.org/fhir/tools/StructureDefinition/ig-parameter"},{"extension":[{"url":"code","valueString":"path-qa"},{"url":"value","valueString":"temp/qa"}],"url":"http://hl7.org/fhir/tools/StructureDefinition/ig-parameter"},{"extension":[{"url":"code","valueString":"path-temp"},{"url":"value","valueString":"temp/pages"}],"url":"http://hl7.org/fhir/tools/StructureDefinition/ig-parameter"},{"extension":[{"url":"code","valueString":"path-output"},{"url":"value","valueString":"output"}],"url":"http://hl7.org/fhir/tools/StructureDefinition/ig-parameter"},{"extension":[{"url":"code","valueString":"path-suppressed-warnings"},{"url":"value","valueString":"input/ignoreWarnings.txt"}],"url":"http://hl7.org/fhir/tools/StructureDefinition/ig-parameter"},{"extension":[{"url":"code","valueString":"template-html"},{"url":"value","valueString":"template-page.html"}],"url":"http://hl7.org/fhir/tools/StructureDefinition/ig-parameter"},{"extension":[{"url":"code","valueString":"template-md"},{"url":"value","valueString":"template-page-md.html"}],"url":"http://hl7.org/fhir/tools/StructureDefinition/ig-parameter"},{"extension":[{"url":"code","valueString":"apply-contact"},{"url":"value","valueString":"true"}],"url":"http://hl7.org/fhir/tools/StructureDefinition/ig-parameter"},{"extension":[{"url":"code","valueString":"apply-context"},{"url":"value","valueString":"true"}],"url":"http://hl7.org/fhir/tools/StructureDefinition/ig-parameter"},{"extension":[{"url":"code","valueString":"apply-copyright"},{"url":"value","valueString":"true"}],"url":"http://hl7.org/fhir/tools/StructureDefinition/ig-parameter"},{"extension":[{"url":"code","valueString":"apply-jurisdiction"},{"url":"value","valueString":"true"}],"url":"http://hl7.org/fhir/tools/StructureDefinition/ig-parameter"},{"extension":[{"url":"code","valueString":"apply-license"},{"url":"value","valueString":"true"}],"url":"http://hl7.org/fhir/tools/StructureDefinition/ig-parameter"},{"extension":[{"url":"code","valueString":"apply-publisher"},{"url":"value","valueString":"true"}],"url":"http://hl7.org/fhir/tools/StructureDefinition/ig-parameter"},{"extension":[{"url":"code","valueString":"apply-version"},{"url":"value","valueString":"true"}],"url":"http://hl7.org/fhir/tools/StructureDefinition/ig-parameter"},{"extension":[{"url":"code","valueString":"active-tables"},{"url":"value","valueString":"true"}],"url":"http://hl7.org/fhir/tools/StructureDefinition/ig-parameter"}],"grouping":[{"id":"_str_profile","name":"Structures: Resource Profiles","description":"These define constraints on FHIR resources that need to be complied with by conformant implementations"},{"id":"_ex_example","name":"Example: Example Instances","description":"These are example instances that show what data produced and consumed by systems conforming with this implementation guide might look like"}],"resource":[{"extension":[{"url":"http://hl7.org/fhir/StructureDefinition/implementationguide-page","valueUri":"StructureDefinition-pacio-bcs.html"}],"reference":{"reference":"StructureDefinition/pacio-bcs"},"name":"Bundled Cognitive Status","description":"An point in time bundle of cognitive status observations for a patient.","exampleBoolean":false,"groupingId":"_str_profile"},{"extension":[{"url":"http://hl7.org/fhir/StructureDefinition/implementationguide-page","valueUri":"StructureDefinition-pacio-cs.html"}],"reference":{"reference":"StructureDefinition/pacio-cs"},"name":"Cognitive Status","description":"An exchange of cognitive status data for a patient.","exampleBoolean":false,"groupingId":"_str_profile"},{"extension":[{"url":"http://hl7.org/fhir/StructureDefinition/implementationguide-page","valueUri":"StructureDefinition-pacio-qr.html"}],"reference":{"reference":"StructureDefinition/pacio-qr"},"name":"PACIO Questionaire Response","description":"A completed, or sections of a completed, CMS PAC assessment.","exampleBoolean":false,"groupingId":"_str_profile"},{"extension":[{"url":"http://hl7.org/fhir/StructureDefinition/implementationguide-page","valueUri":"Observation-BetsySmith.html"}],"reference":{"reference":"Observation/BetsySmith"},"name":"BetsySmith","exampleCanonical":"http://pacioproject.org/StructureDefinition/pacio-bcs","groupingId":"_ex_example"},{"extension":[{"url":"http://hl7.org/fhir/StructureDefinition/implementationguide-page","valueUri":"Observation-BetsySmith-MDS-CAM01-MentalStatusChange.html"}],"reference":{"reference":"Observation/BetsySmith-MDS-CAM01-MentalStatusChange"},"name":"BetsySmith-MDS-CAM01-MentalStatusChange","exampleCanonical":"http://pacioproject.org/StructureDefinition/pacio-cs","groupingId":"_ex_example"},{"extension":[{"url":"http://hl7.org/fhir/StructureDefinition/implementationguide-page","valueUri":"QuestionnaireResponse-BetsySmith-MDS-CAM01-Responses.html"}],"reference":{"reference":"QuestionnaireResponse/BetsySmith-MDS-CAM01-Responses"},"name":"BetsySmith-MDS-CAM01-Responses","exampleCanonical":"http://pacioproject.org/StructureDefinition/pacio-qr","groupingId":"_ex_example"},{"extension":[{"url":"http://hl7.org/fhir/StructureDefinition/implementationguide-page","valueUri":"Observation-BetsySmith-MDS-CAM02-Inattention.html"}],"reference":{"reference":"Observation/BetsySmith-MDS-CAM02-Inattention"},"name":"BetsySmith-MDS-CAM02-Inattention","exampleCanonical":"http://pacioproject.org/StructureDefinition/pacio-cs","groupingId":"_ex_example"},{"extension":[{"url":"http://hl7.org/fhir/StructureDefinition/implementationguide-page","valueUri":"Observation-BetsySmith-MDS-CAM03-AlteredConsciousness.html"}],"reference":{"reference":"Observation/BetsySmith-MDS-CAM03-AlteredConsciousness"},"name":"BetsySmith-MDS-CAM03-AlteredConsciousness","exampleCanonical":"http://pacioproject.org/StructureDefinition/pacio-cs","groupingId":"_ex_example"}],"page":{"nameUrl":"toc.html","title":"Table of Contents","generation":"html","page":[{"nameUrl":"index.html","title":"Home","generation":"markdown"},{"nameUrl":"artifacts.html","title":"Artifacts Summary","generation":"html","page":[{"nameUrl":"StructureDefinition-pacio-bcs.html","title":"Bundled Cognitive Status","generation":"generated"},{"nameUrl":"StructureDefinition-pacio-cs.html","title":"Cognitive Status","generation":"generated"},{"nameUrl":"StructureDefinition-pacio-qr.html","title":"PACIO Questionaire Response","generation":"generated"},{"nameUrl":"Observation-BetsySmith.html","title":"BetsySmith","generation":"generated"},{"nameUrl":"Observation-BetsySmith-MDS-CAM01-MentalStatusChange.html","title":"BetsySmith-MDS-CAM01-MentalStatusChange","generation":"generated"},{"nameUrl":"QuestionnaireResponse-BetsySmith-MDS-CAM01-Responses.html","title":"BetsySmith-MDS-CAM01-Responses","generation":"generated"},{"nameUrl":"Observation-BetsySmith-MDS-CAM02-Inattention.html","title":"BetsySmith-MDS-CAM02-Inattention","generation":"generated"},{"nameUrl":"Observation-BetsySmith-MDS-CAM03-AlteredConsciousness.html","title":"BetsySmith-MDS-CAM03-AlteredConsciousness","generation":"generated"}]}]},"parameter":[{"code":"path-resource","value":"input/capabilities"},{"code":"path-resource","value":"input/examples"},{"code":"path-resource","value":"input/extensions"},{"code":"path-resource","value":"input/models"},{"code":"path-resource","value":"input/operations"},{"code":"path-resource","value":"input/profiles"},{"code":"path-resource","value":"input/resources"},{"code":"path-resource","value":"input/vocabulary"},{"code":"path-pages","value":"template/config"},{"code":"path-pages","value":"input/images"},{"code":"path-tx-cache","value":"input-cache/txcache"}]}}