{
  "resourceType": "Observation",
  "id": "BSJ-Narrative-History-Cognitive-Status-1",
  "meta": {
    "profile": [
      "http://paciowg.github.io/cognitive-status-ig/StructureDefinition/pacio-nhcs"
    ]
  },
  "text": {
    "status": "extensions",
    "div": "<div xmlns=\"http://www.w3.org/1999/xhtml\"><p><b>Generated Narrative</b></p><p><b>ObservationEventLocation</b>: <a href=\"Location-provider-org-loc-01.html\">Generated Summary: status: active; name: Primary Care INC.</a></p><p><b>AssistanceRequired</b>: <span title=\"Codes: {http://loinc.org LA11539-6}\">Independent - Patient completed the activities by him/herself, with or without an assistive device, with no assistance from a helper.</span></p><p></p><p><b>category</b>: <span title=\"Codes: {http://paciowg.github.io/cognitive-status-ig/CodeSystem/pacio-cat-cs functioning}\">Functioning</span></p><p><b>code</b>: <span title=\"Codes: {http://loinc.org 11332-4}\">History of Cognitive Function Narrative</span></p><p><b>subject</b>: <a href=\"Patient-patientBSJ1.html\">Generated Summary: Betsy Smith-Johnson</a></p><p><b>effective</b>: 2019-07-01 --&gt; 2020-11-30</p><p><b>performer</b>: <a href=\"PractitionerRole-provider-role-pcp.html\">Generated Summary: active; <span title=\"Codes: {http://nucc.org/provider-taxonomy 261QP2300X}\">Primary Care Clinic/Center</span></a></p><p><b>value</b>: Alert and oriented x 3. She is independent in household finances, social and community activities, coeherent and appropriate communication. Appropriate attire for location and weather.</p></div>"
  },
  "extension": [
    {
      "url": "http://paciowg.github.io/cognitive-status-ig/StructureDefinition/event-location",
      "valueReference": {
        "reference": "Location/provider-org-loc-01"
      }
    },
    {
      "url": "http://paciowg.github.io/cognitive-status-ig/StructureDefinition/assistance-required",
      "valueCodeableConcept": {
        "coding": [
          {
            "system": "http://loinc.org",
            "code": "LA11539-6",
            "display": "Independent - Patient completed the activities by him/herself, with or without an assistive device, with no assistance from a helper."
          }
        ]
      }
    }
  ],
  "status": "final",
  "category": [
    {
      "coding": [
        {
          "system": "http://paciowg.github.io/cognitive-status-ig/CodeSystem/pacio-cat-cs",
          "code": "functioning",
          "display": "Functioning"
        }
      ]
    }
  ],
  "code": {
    "coding": [
      {
        "system": "http://loinc.org",
        "code": "11332-4",
        "display": "History of Cognitive Function Narrative"
      }
    ]
  },
  "subject": {
    "reference": "Patient/patientBSJ1"
  },
  "effectivePeriod": {
    "start": "2019-07-01",
    "end": "2020-11-30"
  },
  "performer": [
    {
      "reference": "PractitionerRole/provider-role-pcp"
    }
  ],
  "valueString": "Alert and oriented x 3. She is independent in household finances, social and community activities, coeherent and appropriate communication. Appropriate attire for location and weather."
}