<?xml version="1.0" encoding="UTF-8"?>

<Observation xmlns="http://hl7.org/fhir">
  <id value="BSJ-Prior-Level-Of-Cognitive-Function-1"/>
  <meta>
    <profile value="http://paciowg.github.io/cognitive-status-ig/StructureDefinition/pacio-plcf"/>
  </meta>
  <text>
    <status value="extensions"/><div xmlns="http://www.w3.org/1999/xhtml"><p><b>Generated Narrative</b></p><p><b>Event Location</b>: <a href="Location-provider-org-loc-01.html">Generated Summary: status: active; name: Primary Care INC.</a></p><p><b>AssistanceRequired</b>: <span title="Codes: {http://loinc.org LA11539-6}">Independent - Patient completed the activities by him/herself, with or without an assistive device, with no assistance from a helper.</span></p><p></p><p><b>category</b>: <span title="Codes: {http://paciowg.github.io/cognitive-status-ig/CodeSystem/pacio-cat-cs functioning}">Functioning</span></p><p><b>code</b>: <span title="Codes: {http://loinc.org 11332-4}">History of Cognitive Function Narrative</span></p><p><b>subject</b>: <a href="Patient-patientBSJ1.html">Generated Summary: Betsy Smith-Johnson</a></p><p><b>effective</b>: 2019-07-01 --&gt; 2020-11-30</p><p><b>performer</b>: <a href="PractitionerRole-provider-role-pcp.html">Generated Summary: active; <span title="Codes: {http://nucc.org/provider-taxonomy 261QP2300X}">Primary Care Clinic/Center</span></a></p><p><b>value</b>: Alert and oriented x 3. She is independent in household finances, social and community activities, coeherent and appropriate communication. Appropriate attire for location and weather.</p></div>
  </text>
  <extension url="http://hl7.org/fhir/StructureDefinition/event-location">
    <valueReference>
      <reference value="Location/provider-org-loc-01"/>
    </valueReference>
  </extension>
  <extension url="http://paciowg.github.io/cognitive-status-ig/StructureDefinition/assistance-required">
    <valueCodeableConcept>
      <coding>
        <system value="http://loinc.org"/>
        <code value="LA11539-6"/>
        <display value="Independent - Patient completed the activities by him/herself, with or without an assistive device, with no assistance from a helper."/>
      </coding>
    </valueCodeableConcept>
  </extension>
  <status value="final"/>
  <category>
    <coding>
      <system value="http://paciowg.github.io/cognitive-status-ig/CodeSystem/pacio-cat-cs"/>
      <code value="functioning"/>
    </coding>
  </category>
  <code>
    <coding>
      <system value="http://loinc.org"/>
      <code value="11332-4"/>
      <display value="History of Cognitive Function Narrative"/>
    </coding>
  </code>
  <subject>
    <reference value="Patient/patientBSJ1"/>
  </subject>
  <effectivePeriod>
    <start value="2019-07-01"/>
    <end value="2020-11-30"/>
  </effectivePeriod>
  <performer>
    <reference value="PractitionerRole/provider-role-pcp"/>
  </performer>
  <valueString value="Alert and oriented x 3. She is independent in household finances, social and community activities, coeherent and appropriate communication. Appropriate attire for location and weather."/>
</Observation>