<?xml version="1.0" encoding="UTF-8"?>

<Observation xmlns="http://hl7.org/fhir">
  <id value="BetsySmith-Last3DSNFStay-CAM03-DisorganizedThinking"/>
  <meta>
    <profile value="http://pacioproject.org/StructureDefinition/pacio-cs"/>
  </meta>
  <text>
    <status value="generated"/><div xmlns="http://www.w3.org/1999/xhtml"><p><b>Generated Narrative with Details</b></p><p><b>id</b>: BetsySmith-Last3DSNFStay-CAM03-DisorganizedThinking</p><p><b>meta</b>: </p><p><b>status</b>: final</p><p><b>code</b>: Disorganized thinking in last 7 days [CMS Assessment] <span style="background: LightGoldenRodYellow">(Details : {LOINC code '54629-1' = 'Disorganized thinking in last 7 days [CMS Assessment])</span></p><p><b>subject</b>: <a href="Patient-BetsySmith.html">Generated Summary: id: BetsySmith; Betsy Smith ; gender: female; birthDate: 1959-06-14</a></p><p><b>effective</b>: Apr 6, 2019 11:30:00 PM</p><p><b>performer</b>: <a href="CMS Provider">CMS Provider</a></p><p><b>value</b>: Behavior continuously present, does not fluctuate <span style="background: LightGoldenRodYellow">(Details : {LOINC code 'LA10992-8' = 'Behavior continuously present, does not fluctuate)</span></p></div>
  </text>
  <status value="final"/>
  <code>
    <coding>
      <system value="http://loinc.org"/>
      <code value="54629-1"/>
    </coding>
  </code>
  <subject>
    <reference value="Patient/BetsySmith"/>
  </subject>
  <effectiveDateTime value="2019-04-06T18:30:00-05:00"/>
  <performer>
    <reference value="CMS Provider"/>
  </performer>
  <valueCodeableConcept>
    <coding>
      <system value="http://loinc.org"/>
      <code value="LA10992-8"/>
    </coding>
  </valueCodeableConcept>
</Observation>