<?xml version="1.0" encoding="UTF-8"?>

<Observation xmlns="http://hl7.org/fhir">
  <id value="CSC-Hospital-MOCA-1-Ob-Question-1"/>
  <meta>
    <profile value="http://paciowg.github.io/cognitive-status-ig/StructureDefinition/pacio-cs"/>
  </meta>
  <text>
    <status value="extensions"/><div xmlns="http://www.w3.org/1999/xhtml"><p><b>Generated Narrative</b></p><p><b>Event Location</b>: <a href="Location-Org-Loc-01.html">Generated Summary: status: active; name: San Antonio General Hospital</a></p><p></p><p><b>code</b>: <span title="Codes: {http://loinc.org 72172-0}">Total score [MoCA]</span></p><p><b>subject</b>: <a href="Patient-patientBSJ1.html">Generated Summary: Betsy Smith-Johnson </a></p><p><b>effective</b>: Jul 8, 2020, 3:32:00 PM</p><p><b>performer</b>: </p><ul><li><a href="Practitioner-Practitioner-JennyGlass.html">Generated Summary: active; Jenny Glass ; gender: female</a></li><li><a href="PractitionerRole-Role-SLP.html">Generated Summary: active; <span title="Codes: {http://snomed.info/sct 159026005}">Speech and language therapist</span></a></li><li><a href="Organization-Org-01.html">Organization. Generated Summary: name: San Antonio General Hospital</a></li></ul><p><b>value</b>: 18 {score}</p><p><b>derivedFrom</b>: <a href="QuestionnaireResponse-QResponse-Hospital-MOCA-1.html">Generated Summary: questionnaire: https://api.logicahealth.org/PACIO/open/Questionnaire/MDS3.0-NC-1.17; status: completed; authored: Jul 8, 2020, 3:32:00 PM</a></p></div>
  </text>
  <extension url="http://hl7.org/fhir/StructureDefinition/event-location">
    <valueReference>
      <reference value="Location/Org-Loc-01"/>
    </valueReference>
  </extension>
  <status value="final"/>
  <code>
    <coding>
      <system value="http://loinc.org"/>
      <code value="72172-0"/>
      <display value="Total score [MoCA]"/>
    </coding>
    <text value="Total score [MoCA]"/>
  </code>
  <subject>
    <reference value="Patient/patientBSJ1"/>
  </subject>
  <effectiveDateTime value="2020-07-08T17:32:00-05:00"/>
  <performer>
    <reference value="Practitioner/Practitioner-JennyGlass"/>
  </performer>
  <performer>
    <reference value="PractitionerRole/Role-SLP"/>
  </performer>
  <performer>
    <reference value="Organization/Org-01"/>
    <display value="Organization"/>
  </performer>
  <valueQuantity>
    <value value="18"/>
    <system value="http://unitsofmeasure.org"/>
    <code value="{score}"/>
  </valueQuantity>
  <derivedFrom>
    <reference value="QuestionnaireResponse/QResponse-Hospital-MOCA-1"/>
  </derivedFrom>
</Observation>