<?xml version="1.0" encoding="UTF-8"?>

<Observation xmlns="http://hl7.org/fhir">
  <id value="CSC-SNF-CAM-Admission-1-Ob-Question-1"/>
  <meta>
    <profile value="http://paciowg.github.io/cognitive-status-ig/StructureDefinition/pacio-cs"/>
  </meta>
  <text>
    <status value="extensions"/><div xmlns="http://www.w3.org/1999/xhtml"><p><b>Generated Narrative</b></p><p><b>Event Location</b>: <a href="Location-Org-Loc-02.html">Generated Summary: status: active; name: Happy Nursing Facility</a></p><p></p><p><b>code</b>: <span title="Codes: {http://loinc.org 54632-5}">Acute Onset Mental Status Change. Is there evidence of an acute change in mental status from the resident's baseline?</span></p><p><b>subject</b>: <a href="Patient-patientBSJ1.html">Generated Summary: Betsy Smith-Johnson </a></p><p><b>effective</b>: Apr 9, 2020, 4:00:00 PM</p><p><b>performer</b>: </p><ul><li><a href="Practitioner-Practitioner-HoneyJones.html">Generated Summary: active; Honey Jones ; gender: female</a></li><li><a href="PractitionerRole-Role-RN.html">Generated Summary: active; <span title="Codes: {http://snomed.info/sct 224535009}">Registered Nurse</span></a></li><li><a href="Organization-Org-02.html">Organization. Generated Summary: name: Happy Nursing Facility</a></li></ul><p><b>value</b>: <span title="Codes: {http://loinc.org LA32-8}">No</span></p><p><b>derivedFrom</b>: <a href="QuestionnaireResponse-QResponse-SNF-CAM-Admission-1.html">Generated Summary: status: completed; authored: Apr 9, 2020, 4:00:00 PM</a></p></div>
  </text>
  <extension url="http://hl7.org/fhir/StructureDefinition/event-location">
    <valueReference>
      <reference value="Location/Org-Loc-02"/>
    </valueReference>
  </extension>
  <status value="final"/>
  <code>
    <coding>
      <system value="http://loinc.org"/>
      <code value="54632-5"/>
      <display value="Acute onset mental status change [CAM.CMS]"/>
    </coding>
    <text value="Acute Onset Mental Status Change. Is there evidence of an acute change in mental status from the resident&#39;s baseline?"/>
  </code>
  <subject>
    <reference value="Patient/patientBSJ1"/>
  </subject>
  <effectiveDateTime value="2020-04-09T18:00:00-05:00"/>
  <performer>
    <reference value="Practitioner/Practitioner-HoneyJones"/>
  </performer>
  <performer>
    <reference value="PractitionerRole/Role-RN"/>
  </performer>
  <performer>
    <reference value="Organization/Org-02"/>
    <display value="Organization"/>
  </performer>
  <valueCodeableConcept>
    <coding>
      <system value="http://loinc.org"/>
      <code value="LA32-8"/>
      <display value="No"/>
    </coding>
    <text value="No"/>
  </valueCodeableConcept>
  <derivedFrom>
    <reference value="QuestionnaireResponse/QResponse-SNF-CAM-Admission-1"/>
  </derivedFrom>
</Observation>